날짜;Hour;pv144556(File 1) 1- Temperature(°C);
20/11/2025;08:36:34.000;21.56;
20/11/2025;08:36:39.000;21.60;
20/11/2025;08:36:44.000;21.63;
20/11/2025;08:36:49.000;21.67;
20/11/2025;08:36:54.000;21.68;
20/11/2025;08:36:59.000;21.75;
20/11/2025;08:37:04.000;23.27;
20/11/2025;08:37:09.000;24.18;
20/11/2025;08:37:14.000;24.52;
20/11/2025;08:37:19.000;25.51;
20/11/2025;08:37:24.000;25.44;
20/11/2025;08:37:29.000;25.13;
20/11/2025;08:37:34.000;24.72;
20/11/2025;08:37:39.000;24.38;
20/11/2025;08:37:44.000;24.11;
20/11/2025;08:37:49.000;23.92;
20/11/2025;08:37:54.000;23.71;
20/11/2025;08:37:59.000;23.56;
20/11/2025;08:38:04.000;23.53;
20/11/2025;08:38:09.000;23.51;
20/11/2025;08:38:14.000;23.49;
20/11/2025;08:38:19.000;23.46;
20/11/2025;08:38:24.000;23.44;
20/11/2025;08:38:29.000;23.58;
20/11/2025;08:38:34.000;23.75;
20/11/2025;08:38:39.000;23.90;
20/11/2025;08:38:44.000;24.00;
20/11/2025;08:38:49.000;24.06;
20/11/2025;08:38:54.000;24.11;
20/11/2025;08:38:59.000;24.16;
20/11/2025;08:39:04.000;24.21;
20/11/2025;08:39:09.000;24.30;
20/11/2025;08:39:14.000;24.38;
20/11/2025;08:39:19.000;24.43;
20/11/2025;08:39:24.000;24.45;
20/11/2025;08:39:29.000;24.45;
20/11/2025;08:39:34.000;24.47;
20/11/2025;08:39:39.000;24.48;
20/11/2025;08:39:44.000;24.48;
20/11/2025;08:39:49.000;24.47;
20/11/2025;08:39:54.000;24.48;
20/11/2025;08:39:59.000;24.50;
20/11/2025;08:40:04.000;24.55;
20/11/2025;08:40:09.000;24.55;
20/11/2025;08:40:14.000;24.57;
20/11/2025;08:40:19.000;24.57;
20/11/2025;08:40:24.000;24.59;
20/11/2025;08:40:29.000;24.57;
20/11/2025;08:40:34.000;24.55;
20/11/2025;08:40:39.000;24.55;
20/11/2025;08:40:44.000;24.57;
20/11/2025;08:40:49.000;24.62;
20/11/2025;08:40:54.000;24.62;
20/11/2025;08:40:59.000;24.59;
20/11/2025;08:41:04.000;24.57;
20/11/2025;08:41:09.000;24.60;
20/11/2025;08:41:14.000;24.62;
20/11/2025;08:41:19.000;24.69;
20/11/2025;08:41:24.000;24.69;
20/11/2025;08:41:29.000;24.71;
20/11/2025;08:41:34.000;24.71;
20/11/2025;08:41:39.000;24.77;
20/11/2025;08:41:44.000;24.79;
20/11/2025;08:41:49.000;24.84;
20/11/2025;08:41:54.000;24.91;
20/11/2025;08:41:59.000;24.96;
20/11/2025;08:42:04.000;24.95;
20/11/2025;08:42:09.000;24.93;
20/11/2025;08:42:14.000;24.93;
20/11/2025;08:42:19.000;24.93;
20/11/2025;08:42:24.000;24.95;
20/11/2025;08:42:29.000;24.96;
20/11/2025;08:42:34.000;24.95;
20/11/2025;08:42:39.000;24.95;
20/11/2025;08:42:44.000;24.96;
20/11/2025;08:42:49.000;24.91;
20/11/2025;08:42:54.000;24.89;
20/11/2025;08:42:59.000;24.91;
20/11/2025;08:43:04.000;24.91;
20/11/2025;08:43:09.000;24.88;
20/11/2025;08:43:14.000;24.86;
20/11/2025;08:43:19.000;24.86;
20/11/2025;08:43:24.000;24.89;
20/11/2025;08:43:29.000;24.91;
20/11/2025;08:43:34.000;24.93;
20/11/2025;08:43:39.000;24.95;
20/11/2025;08:43:44.000;24.98;
20/11/2025;08:43:49.000;25.07;
20/11/2025;08:43:54.000;25.07;
20/11/2025;08:43:59.000;25.05;
20/11/2025;08:44:04.000;25.12;
20/11/2025;08:44:09.000;25.20;
20/11/2025;08:44:14.000;25.29;
20/11/2025;08:44:19.000;25.29;
20/11/2025;08:44:24.000;25.32;
20/11/2025;08:44:29.000;25.32;
20/11/2025;08:44:34.000;25.27;
20/11/2025;08:44:39.000;25.27;
20/11/2025;08:44:44.000;25.27;
20/11/2025;08:44:49.000;25.25;
20/11/2025;08:44:54.000;25.24;
20/11/2025;08:44:59.000;25.20;
20/11/2025;08:45:04.000;25.24;
20/11/2025;08:45:09.000;25.27;
20/11/2025;08:45:14.000;25.30;
20/11/2025;08:45:19.000;25.29;
20/11/2025;08:45:24.000;25.25;
20/11/2025;08:45:29.000;25.20;
20/11/2025;08:45:34.000;25.13;
20/11/2025;08:45:39.000;25.13;
20/11/2025;08:45:44.000;25.12;
20/11/2025;08:45:49.000;25.12;
20/11/2025;08:45:54.000;25.10;
20/11/2025;08:45:59.000;25.08;
20/11/2025;08:46:04.000;25.07;
20/11/2025;08:46:09.000;25.10;
20/11/2025;08:46:14.000;25.17;
20/11/2025;08:46:19.000;25.18;
20/11/2025;08:46:24.000;25.22;
20/11/2025;08:46:29.000;25.25;
20/11/2025;08:46:34.000;25.32;
20/11/2025;08:46:39.000;25.37;
20/11/2025;08:46:44.000;25.36;
20/11/2025;08:46:49.000;25.32;
20/11/2025;08:46:54.000;25.30;
20/11/2025;08:46:59.000;25.27;
20/11/2025;08:47:04.000;25.25;
20/11/2025;08:47:09.000;25.27;
20/11/2025;08:47:14.000;25.30;
20/11/2025;08:47:19.000;25.29;
20/11/2025;08:47:24.000;25.29;
20/11/2025;08:47:29.000;25.30;
20/11/2025;08:47:34.000;25.30;
20/11/2025;08:47:39.000;25.32;
20/11/2025;08:47:44.000;25.30;
20/11/2025;08:47:49.000;25.27;
20/11/2025;08:47:54.000;25.24;
20/11/2025;08:47:59.000;25.27;
20/11/2025;08:48:04.000;25.29;
20/11/2025;08:48:09.000;25.29;
20/11/2025;08:48:14.000;25.27;
20/11/2025;08:48:19.000;25.20;
20/11/2025;08:48:24.000;25.20;
20/11/2025;08:48:29.000;25.15;
20/11/2025;08:48:34.000;25.12;
20/11/2025;08:48:39.000;25.12;
20/11/2025;08:48:44.000;25.08;
20/11/2025;08:48:49.000;25.12;
20/11/2025;08:48:54.000;25.07;
20/11/2025;08:48:59.000;25.05;
20/11/2025;08:49:04.000;25.05;
20/11/2025;08:49:09.000;25.07;
20/11/2025;08:49:14.000;25.10;
20/11/2025;08:49:19.000;25.13;
20/11/2025;08:49:24.000;25.18;
20/11/2025;08:49:29.000;25.22;
20/11/2025;08:49:34.000;25.24;
20/11/2025;08:49:39.000;25.24;
20/11/2025;08:49:44.000;25.25;
20/11/2025;08:49:49.000;25.24;
20/11/2025;08:49:54.000;25.24;
20/11/2025;08:49:59.000;25.22;
20/11/2025;08:50:04.000;25.24;
20/11/2025;08:50:09.000;25.25;
20/11/2025;08:50:14.000;25.24;
20/11/2025;08:50:19.000;25.25;
20/11/2025;08:50:24.000;25.27;
20/11/2025;08:50:29.000;25.27;
20/11/2025;08:50:34.000;25.25;
20/11/2025;08:50:39.000;25.24;
20/11/2025;08:50:44.000;25.22;
20/11/2025;08:50:49.000;25.22;
20/11/2025;08:50:54.000;25.22;
20/11/2025;08:50:59.000;25.22;
20/11/2025;08:51:04.000;25.20;
20/11/2025;08:51:09.000;25.18;
20/11/2025;08:51:14.000;25.20;
20/11/2025;08:51:19.000;25.20;
20/11/2025;08:51:24.000;25.20;
20/11/2025;08:51:29.000;25.22;
20/11/2025;08:51:34.000;25.25;
20/11/2025;08:51:39.000;25.27;
20/11/2025;08:51:44.000;25.24;
20/11/2025;08:51:49.000;25.20;
20/11/2025;08:51:54.000;25.15;
20/11/2025;08:51:59.000;25.08;
20/11/2025;08:52:04.000;25.01;
20/11/2025;08:52:09.000;25.00;
20/11/2025;08:52:14.000;25.00;
20/11/2025;08:52:19.000;24.98;
20/11/2025;08:52:24.000;25.01;
20/11/2025;08:52:29.000;25.07;
20/11/2025;08:52:34.000;25.10;
20/11/2025;08:52:39.000;25.13;
20/11/2025;08:52:44.000;25.18;
20/11/2025;08:52:49.000;25.27;
20/11/2025;08:52:54.000;25.34;
20/11/2025;08:52:59.000;25.60;
20/11/2025;08:53:04.000;26.13;
20/11/2025;08:53:09.000;26.54;
20/11/2025;08:53:14.000;26.98;
20/11/2025;08:53:19.000;27.41;
20/11/2025;08:53:24.000;27.46;
20/11/2025;08:53:29.000;27.43;
20/11/2025;08:53:34.000;27.36;
20/11/2025;08:53:39.000;27.21;
20/11/2025;08:53:44.000;27.31;
20/11/2025;08:53:49.000;27.69;
20/11/2025;08:53:54.000;27.87;
20/11/2025;08:53:59.000;28.15;
20/11/2025;08:54:04.000;28.54;
20/11/2025;08:54:09.000;29.18;
20/11/2025;08:54:14.000;30.57;
20/11/2025;08:54:19.000;38.99;
20/11/2025;08:54:24.000;54.94;
20/11/2025;08:54:29.000;62.43;
20/11/2025;08:54:34.000;66.27;
20/11/2025;08:54:39.000;68.85;
20/11/2025;08:54:44.000;69.35;
20/11/2025;08:54:49.000;69.38;
20/11/2025;08:54:54.000;69.54;
20/11/2025;08:54:59.000;69.22;
20/11/2025;08:55:04.000;68.95;
20/11/2025;08:55:09.000;68.95;
20/11/2025;08:55:14.000;68.87;
20/11/2025;08:55:19.000;70.02;
20/11/2025;08:55:24.000;70.43;
20/11/2025;08:55:29.000;70.88;
20/11/2025;08:55:34.000;70.70;
20/11/2025;08:55:39.000;70.95;
20/11/2025;08:55:44.000;71.91;
20/11/2025;08:55:49.000;72.27;
20/11/2025;08:55:54.000;72.25;
20/11/2025;08:55:59.000;71.84;
20/11/2025;08:56:04.000;72.94;
20/11/2025;08:56:09.000;72.94;
20/11/2025;08:56:14.000;72.85;
20/11/2025;08:56:19.000;73.28;
20/11/2025;08:56:24.000;73.32;
20/11/2025;08:56:29.000;73.55;
20/11/2025;08:56:34.000;73.66;
20/11/2025;08:56:39.000;73.82;
20/11/2025;08:56:44.000;74.10;
20/11/2025;08:56:49.000;74.16;
20/11/2025;08:56:54.000;74.09;
20/11/2025;08:56:59.000;74.34;
20/11/2025;08:57:04.000;74.57;
20/11/2025;08:57:09.000;74.68;
20/11/2025;08:57:14.000;74.68;
20/11/2025;08:57:19.000;74.71;
20/11/2025;08:57:24.000;74.76;
20/11/2025;08:57:29.000;74.91;
20/11/2025;08:57:34.000;74.87;
20/11/2025;08:57:39.000;74.89;
20/11/2025;08:57:44.000;74.91;
20/11/2025;08:57:49.000;74.96;
20/11/2025;08:57:54.000;74.80;
20/11/2025;08:57:59.000;74.73;
20/11/2025;08:58:04.000;74.78;
20/11/2025;08:58:09.000;74.71;
20/11/2025;08:58:14.000;74.59;
20/11/2025;08:58:19.000;74.68;
20/11/2025;08:58:24.000;74.66;
20/11/2025;08:58:29.000;74.39;
20/11/2025;08:58:34.000;74.19;
20/11/2025;08:58:39.000;74.21;
20/11/2025;08:58:44.000;74.32;
20/11/2025;08:58:49.000;74.30;
20/11/2025;08:58:54.000;74.34;
20/11/2025;08:58:59.000;74.26;
20/11/2025;08:59:04.000;73.96;
20/11/2025;08:59:09.000;73.82;
20/11/2025;08:59:14.000;74.09;
20/11/2025;08:59:19.000;74.12;
20/11/2025;08:59:24.000;73.89;
20/11/2025;08:59:29.000;73.71;
20/11/2025;08:59:34.000;73.59;
20/11/2025;08:59:39.000;73.44;
20/11/2025;08:59:44.000;73.26;
20/11/2025;08:59:49.000;73.03;
20/11/2025;08:59:54.000;72.89;
20/11/2025;08:59:59.000;72.57;
20/11/2025;09:00:04.000;72.28;
20/11/2025;09:00:09.000;72.02;
20/11/2025;09:00:14.000;71.75;
20/11/2025;09:00:19.000;71.48;
20/11/2025;09:00:24.000;71.07;
20/11/2025;09:00:29.000;70.54;
20/11/2025;09:00:34.000;69.93;
20/11/2025;09:00:39.000;69.42;
20/11/2025;09:00:44.000;68.92;
20/11/2025;09:00:49.000;68.42;
20/11/2025;09:00:54.000;68.01;
20/11/2025;09:00:59.000;67.66;
20/11/2025;09:01:04.000;67.44;
20/11/2025;09:01:09.000;67.16;
20/11/2025;09:01:14.000;66.66;
20/11/2025;09:01:19.000;66.18;
20/11/2025;09:01:24.000;65.76;
20/11/2025;09:01:29.000;65.37;
20/11/2025;09:01:34.000;65.03;
20/11/2025;09:01:39.000;64.78;
20/11/2025;09:01:44.000;64.40;
20/11/2025;09:01:49.000;64.09;
20/11/2025;09:01:54.000;63.90;
20/11/2025;09:01:59.000;63.76;
20/11/2025;09:02:04.000;63.67;
20/11/2025;09:02:09.000;63.63;
20/11/2025;09:02:14.000;63.60;
20/11/2025;09:02:19.000;63.51;
20/11/2025;09:02:24.000;63.37;
20/11/2025;09:02:29.000;63.33;
20/11/2025;09:02:34.000;63.33;
20/11/2025;09:02:39.000;63.37;
20/11/2025;09:02:44.000;63.46;
20/11/2025;09:02:49.000;63.56;
20/11/2025;09:02:54.000;63.70;
20/11/2025;09:02:59.000;63.85;
20/11/2025;09:03:04.000;63.95;
20/11/2025;09:03:09.000;64.01;
20/11/2025;09:03:14.000;64.04;
20/11/2025;09:03:19.000;64.04;
20/11/2025;09:03:24.000;64.02;
20/11/2025;09:03:29.000;64.01;
20/11/2025;09:03:34.000;63.97;
20/11/2025;09:03:39.000;63.92;
20/11/2025;09:03:44.000;63.86;
20/11/2025;09:03:49.000;63.81;
20/11/2025;09:03:54.000;63.79;
20/11/2025;09:03:59.000;63.79;
20/11/2025;09:04:04.000;63.83;
20/11/2025;09:04:09.000;63.90;
20/11/2025;09:04:14.000;63.97;
20/11/2025;09:04:19.000;64.02;
20/11/2025;09:04:24.000;64.06;
20/11/2025;09:04:29.000;64.09;
20/11/2025;09:04:34.000;64.09;
20/11/2025;09:04:39.000;64.08;
20/11/2025;09:04:44.000;64.08;
20/11/2025;09:04:49.000;64.09;
20/11/2025;09:04:54.000;64.13;
20/11/2025;09:04:59.000;64.16;
20/11/2025;09:05:04.000;64.22;
20/11/2025;09:05:09.000;64.25;
20/11/2025;09:05:14.000;64.32;
20/11/2025;09:05:19.000;64.38;
20/11/2025;09:05:24.000;64.43;
20/11/2025;09:05:29.000;64.48;
20/11/2025;09:05:34.000;64.52;
20/11/2025;09:05:39.000;64.55;
20/11/2025;09:05:44.000;64.59;
20/11/2025;09:05:49.000;64.61;
20/11/2025;09:05:54.000;64.63;
20/11/2025;09:05:59.000;64.64;
20/11/2025;09:06:04.000;64.64;
20/11/2025;09:06:09.000;64.66;
20/11/2025;09:06:14.000;64.66;
20/11/2025;09:06:19.000;64.66;
20/11/2025;09:06:24.000;64.66;
20/11/2025;09:06:29.000;64.64;
20/11/2025;09:06:34.000;64.63;
20/11/2025;09:06:39.000;64.61;
20/11/2025;09:06:44.000;64.59;
20/11/2025;09:06:49.000;64.57;
20/11/2025;09:06:54.000;64.52;
20/11/2025;09:06:59.000;64.48;
20/11/2025;09:07:04.000;64.43;
20/11/2025;09:07:09.000;64.38;
20/11/2025;09:07:14.000;64.32;
20/11/2025;09:07:19.000;64.27;
20/11/2025;09:07:24.000;64.24;
20/11/2025;09:07:29.000;64.18;
20/11/2025;09:07:34.000;64.15;
20/11/2025;09:07:39.000;64.13;
20/11/2025;09:07:44.000;64.06;
20/11/2025;09:07:49.000;63.93;
20/11/2025;09:07:54.000;63.81;
20/11/2025;09:07:59.000;63.69;
20/11/2025;09:08:04.000;63.56;
20/11/2025;09:08:09.000;63.49;
20/11/2025;09:08:14.000;63.46;
20/11/2025;09:08:19.000;63.42;
20/11/2025;09:08:24.000;63.40;
20/11/2025;09:08:29.000;63.40;
20/11/2025;09:08:34.000;63.40;
20/11/2025;09:08:39.000;63.37;
20/11/2025;09:08:44.000;63.30;
20/11/2025;09:08:49.000;63.21;
20/11/2025;09:08:54.000;63.10;
20/11/2025;09:08:59.000;63.01;
20/11/2025;09:09:04.000;62.96;
20/11/2025;09:09:09.000;62.91;
20/11/2025;09:09:14.000;62.89;
20/11/2025;09:09:19.000;62.91;
20/11/2025;09:09:24.000;62.94;
20/11/2025;09:09:29.000;62.94;
20/11/2025;09:09:34.000;62.96;
20/11/2025;09:09:39.000;62.96;
20/11/2025;09:09:44.000;62.96;
20/11/2025;09:09:49.000;62.96;
20/11/2025;09:09:54.000;62.96;
20/11/2025;09:09:59.000;62.93;
20/11/2025;09:10:04.000;62.84;
20/11/2025;09:10:09.000;62.82;
20/11/2025;09:10:14.000;62.80;
20/11/2025;09:10:19.000;62.78;
20/11/2025;09:10:24.000;62.73;
20/11/2025;09:10:29.000;62.71;
20/11/2025;09:10:34.000;62.70;
20/11/2025;09:10:39.000;62.64;
20/11/2025;09:10:44.000;62.50;
20/11/2025;09:10:49.000;62.34;
20/11/2025;09:10:54.000;62.20;
20/11/2025;09:10:59.000;61.88;
20/11/2025;09:11:04.000;61.07;
20/11/2025;09:11:09.000;60.19;
20/11/2025;09:11:14.000;59.45;
20/11/2025;09:11:19.000;58.83;
20/11/2025;09:11:24.000;58.23;
20/11/2025;09:11:29.000;57.67;
20/11/2025;09:11:34.000;57.33;
20/11/2025;09:11:39.000;57.00;
20/11/2025;09:11:44.000;56.56;
20/11/2025;09:11:49.000;56.23;
20/11/2025;09:11:54.000;56.03;
20/11/2025;09:11:59.000;55.79;
20/11/2025;09:12:04.000;55.49;
20/11/2025;09:12:09.000;55.31;
20/11/2025;09:12:14.000;55.14;
20/11/2025;09:12:19.000;54.91;
20/11/2025;09:12:24.000;54.63;
20/11/2025;09:12:29.000;54.35;
20/11/2025;09:12:34.000;54.00;
20/11/2025;09:12:39.000;53.77;
20/11/2025;09:12:44.000;53.72;
20/11/2025;09:12:49.000;53.79;
20/11/2025;09:12:54.000;53.80;
20/11/2025;09:12:59.000;53.24;
20/11/2025;09:13:04.000;52.47;
20/11/2025;09:13:09.000;51.82;
20/11/2025;09:13:14.000;51.47;
20/11/2025;09:13:19.000;51.26;
20/11/2025;09:13:24.000;51.02;
20/11/2025;09:13:29.000;50.90;
20/11/2025;09:13:34.000;50.81;
20/11/2025;09:13:39.000;50.67;
20/11/2025;09:13:44.000;50.44;
20/11/2025;09:13:49.000;50.27;
20/11/2025;09:13:54.000;50.06;
20/11/2025;09:13:59.000;49.76;
20/11/2025;09:14:04.000;49.48;
20/11/2025;09:14:09.000;49.13;
20/11/2025;09:14:14.000;48.87;
20/11/2025;09:14:19.000;48.55;
20/11/2025;09:14:24.000;48.40;
20/11/2025;09:14:29.000;48.27;
20/11/2025;09:14:34.000;48.13;
20/11/2025;09:14:39.000;48.12;
20/11/2025;09:14:44.000;48.17;
20/11/2025;09:14:49.000;48.19;
20/11/2025;09:14:54.000;48.26;
20/11/2025;09:14:59.000;48.29;
20/11/2025;09:15:04.000;48.26;
20/11/2025;09:15:09.000;48.19;
20/11/2025;09:15:14.000;48.24;
20/11/2025;09:15:19.000;48.27;
20/11/2025;09:15:24.000;48.24;
20/11/2025;09:15:29.000;48.15;
20/11/2025;09:15:34.000;48.12;
20/11/2025;09:15:39.000;48.06;
20/11/2025;09:15:44.000;47.70;
20/11/2025;09:15:49.000;47.17;
20/11/2025;09:15:54.000;46.62;
20/11/2025;09:15:59.000;46.11;
20/11/2025;09:16:04.000;45.48;
20/11/2025;09:16:09.000;44.98;
20/11/2025;09:16:14.000;44.61;
20/11/2025;09:16:19.000;44.20;
20/11/2025;09:16:24.000;43.95;
20/11/2025;09:16:29.000;43.76;
20/11/2025;09:16:34.000;43.59;
20/11/2025;09:16:39.000;43.43;
20/11/2025;09:16:44.000;43.38;
20/11/2025;09:16:49.000;43.36;
20/11/2025;09:16:54.000;43.17;
20/11/2025;09:16:59.000;42.87;
20/11/2025;09:17:04.000;42.72;
20/11/2025;09:17:09.000;42.61;
20/11/2025;09:17:14.000;42.41;
20/11/2025;09:17:19.000;41.83;
20/11/2025;09:17:24.000;40.17;
20/11/2025;09:17:29.000;38.78;
20/11/2025;09:17:34.000;37.60;
20/11/2025;09:17:39.000;36.91;
20/11/2025;09:17:44.000;36.10;
20/11/2025;09:17:49.000;34.29;
20/11/2025;09:17:54.000;32.81;
20/11/2025;09:17:59.000;31.72;
20/11/2025;09:18:04.000;31.33;
20/11/2025;09:18:09.000;31.17;
20/11/2025;09:18:14.000;30.97;
20/11/2025;09:18:19.000;30.62;
20/11/2025;09:18:24.000;30.42;
20/11/2025;09:18:29.000;29.38;
20/11/2025;09:18:34.000;28.96;
20/11/2025;09:18:39.000;28.41;
20/11/2025;09:18:44.000;27.77;
20/11/2025;09:18:49.000;27.36;
20/11/2025;09:18:54.000;27.02;
20/11/2025;09:18:59.000;26.98;
20/11/2025;09:19:04.000;26.93;
20/11/2025;09:19:09.000;26.16;
20/11/2025;09:19:14.000;26.25;
20/11/2025;09:19:19.000;26.37;
20/11/2025;09:19:24.000;26.47;
20/11/2025;09:19:29.000;26.62;
20/11/2025;09:19:34.000;26.71;
20/11/2025;09:19:39.000;26.97;
20/11/2025;09:19:44.000;27.72;
20/11/2025;09:19:49.000;28.11;
20/11/2025;09:19:54.000;28.39;
20/11/2025;09:19:59.000;28.59;
20/11/2025;09:20:04.000;28.78;
20/11/2025;09:20:09.000;29.01;
20/11/2025;09:20:14.000;29.28;
20/11/2025;09:20:19.000;29.80;
20/11/2025;09:20:24.000;32.22;
20/11/2025;09:20:29.000;45.75;
20/11/2025;09:20:34.000;59.59;
20/11/2025;09:20:39.000;62.86;
20/11/2025;09:20:44.000;65.69;
20/11/2025;09:20:49.000;68.88;
20/11/2025;09:20:54.000;69.93;
20/11/2025;09:20:59.000;72.16;
20/11/2025;09:21:04.000;71.68;
20/11/2025;09:21:09.000;71.25;
20/11/2025;09:21:14.000;70.54;
20/11/2025;09:21:19.000;71.50;
20/11/2025;09:21:24.000;72.57;
20/11/2025;09:21:29.000;72.84;
20/11/2025;09:21:34.000;73.48;
20/11/2025;09:21:39.000;73.82;
20/11/2025;09:21:44.000;73.93;
20/11/2025;09:21:49.000;74.05;
20/11/2025;09:21:54.000;74.07;
20/11/2025;09:21:59.000;73.78;
20/11/2025;09:22:04.000;73.57;
20/11/2025;09:22:09.000;73.71;
20/11/2025;09:22:14.000;74.12;
20/11/2025;09:22:19.000;74.34;
20/11/2025;09:22:24.000;74.44;
20/11/2025;09:22:29.000;74.57;
20/11/2025;09:22:34.000;74.78;
20/11/2025;09:22:39.000;74.71;
20/11/2025;09:22:44.000;74.87;
20/11/2025;09:22:49.000;74.96;
20/11/2025;09:22:54.000;74.98;
20/11/2025;09:22:59.000;74.94;
20/11/2025;09:23:04.000;74.96;
20/11/2025;09:23:09.000;74.89;
20/11/2025;09:23:14.000;75.01;
20/11/2025;09:23:19.000;75.07;
20/11/2025;09:23:24.000;74.93;
20/11/2025;09:23:29.000;74.94;
20/11/2025;09:23:34.000;75.07;
20/11/2025;09:23:39.000;75.01;
20/11/2025;09:23:44.000;74.91;
20/11/2025;09:23:49.000;74.87;
20/11/2025;09:23:54.000;74.94;
20/11/2025;09:23:59.000;74.82;
20/11/2025;09:24:04.000;74.71;
20/11/2025;09:24:09.000;74.75;
20/11/2025;09:24:14.000;74.59;
20/11/2025;09:24:19.000;74.59;
20/11/2025;09:24:24.000;74.62;
20/11/2025;09:24:29.000;74.68;
20/11/2025;09:24:34.000;74.64;
20/11/2025;09:24:39.000;74.37;
20/11/2025;09:24:44.000;73.93;
20/11/2025;09:24:49.000;74.10;
20/11/2025;09:24:54.000;74.18;
20/11/2025;09:24:59.000;73.89;
20/11/2025;09:25:04.000;74.39;
20/11/2025;09:25:09.000;74.66;
20/11/2025;09:25:14.000;74.51;
20/11/2025;09:25:19.000;74.26;
20/11/2025;09:25:24.000;74.05;
20/11/2025;09:25:29.000;73.91;
20/11/2025;09:25:34.000;73.89;
20/11/2025;09:25:39.000;73.89;
20/11/2025;09:25:44.000;73.87;
20/11/2025;09:25:49.000;73.87;
20/11/2025;09:25:54.000;73.84;
20/11/2025;09:25:59.000;73.71;
20/11/2025;09:26:04.000;73.43;
20/11/2025;09:26:09.000;73.14;
20/11/2025;09:26:14.000;72.77;
20/11/2025;09:26:19.000;72.34;
20/11/2025;09:26:24.000;71.78;
20/11/2025;09:26:29.000;71.37;
20/11/2025;09:26:34.000;71.11;
20/11/2025;09:26:39.000;70.89;
20/11/2025;09:26:44.000;70.48;
20/11/2025;09:26:49.000;70.06;
20/11/2025;09:26:54.000;69.61;
20/11/2025;09:26:59.000;69.17;
20/11/2025;09:27:04.000;68.83;
20/11/2025;09:27:09.000;68.58;
20/11/2025;09:27:14.000;68.40;
20/11/2025;09:27:19.000;68.23;
20/11/2025;09:27:24.000;67.96;
20/11/2025;09:27:29.000;67.66;
20/11/2025;09:27:34.000;67.30;
20/11/2025;09:27:39.000;66.89;
20/11/2025;09:27:44.000;66.54;
20/11/2025;09:27:49.000;66.20;
20/11/2025;09:27:54.000;65.95;
20/11/2025;09:27:59.000;65.81;
20/11/2025;09:28:04.000;65.65;
20/11/2025;09:28:09.000;65.48;
20/11/2025;09:28:14.000;65.32;
20/11/2025;09:28:19.000;65.21;
20/11/2025;09:28:24.000;65.16;
20/11/2025;09:28:29.000;65.09;
20/11/2025;09:28:34.000;64.98;
20/11/2025;09:28:39.000;64.87;
20/11/2025;09:28:44.000;64.78;
20/11/2025;09:28:49.000;64.71;
20/11/2025;09:28:54.000;64.64;
20/11/2025;09:28:59.000;64.63;
20/11/2025;09:29:04.000;64.66;
20/11/2025;09:29:09.000;64.71;
20/11/2025;09:29:14.000;64.78;
20/11/2025;09:29:19.000;64.82;
20/11/2025;09:29:24.000;64.84;
20/11/2025;09:29:29.000;64.87;
20/11/2025;09:29:34.000;64.89;
20/11/2025;09:29:39.000;64.89;
20/11/2025;09:29:44.000;64.93;
20/11/2025;09:29:49.000;64.98;
20/11/2025;09:29:54.000;65.00;
20/11/2025;09:29:59.000;65.03;
20/11/2025;09:30:04.000;65.07;
20/11/2025;09:30:09.000;65.12;
20/11/2025;09:30:14.000;65.16;
20/11/2025;09:30:19.000;65.17;
20/11/2025;09:30:24.000;65.19;
20/11/2025;09:30:29.000;65.21;
20/11/2025;09:30:34.000;65.25;
20/11/2025;09:30:39.000;65.26;
20/11/2025;09:30:44.000;65.30;
20/11/2025;09:30:49.000;65.33;
20/11/2025;09:30:54.000;65.37;
20/11/2025;09:30:59.000;65.40;
20/11/2025;09:31:04.000;65.42;
20/11/2025;09:31:09.000;65.46;
20/11/2025;09:31:14.000;65.49;
20/11/2025;09:31:19.000;65.53;
20/11/2025;09:31:24.000;65.58;
20/11/2025;09:31:29.000;65.62;
20/11/2025;09:31:34.000;65.64;
20/11/2025;09:31:39.000;65.69;
20/11/2025;09:31:44.000;65.72;
20/11/2025;09:31:49.000;65.76;
20/11/2025;09:31:54.000;65.78;
20/11/2025;09:31:59.000;65.81;
20/11/2025;09:32:04.000;65.81;
20/11/2025;09:32:09.000;65.81;
20/11/2025;09:32:14.000;65.78;
20/11/2025;09:32:19.000;65.74;
20/11/2025;09:32:24.000;65.71;
20/11/2025;09:32:29.000;65.67;
20/11/2025;09:32:34.000;65.67;
20/11/2025;09:32:39.000;65.74;
20/11/2025;09:32:44.000;65.74;
20/11/2025;09:32:49.000;65.72;
20/11/2025;09:32:54.000;65.69;
20/11/2025;09:32:59.000;65.65;
20/11/2025;09:33:04.000;65.58;
20/11/2025;09:33:09.000;65.53;
20/11/2025;09:33:14.000;65.44;
20/11/2025;09:33:19.000;65.37;
20/11/2025;09:33:24.000;65.30;
20/11/2025;09:33:29.000;65.25;
20/11/2025;09:33:34.000;65.23;
20/11/2025;09:33:39.000;65.21;
20/11/2025;09:33:44.000;65.21;
20/11/2025;09:33:49.000;65.23;
20/11/2025;09:33:54.000;65.23;
20/11/2025;09:33:59.000;65.19;
20/11/2025;09:34:04.000;65.10;
20/11/2025;09:34:09.000;65.05;
20/11/2025;09:34:14.000;65.05;
20/11/2025;09:34:19.000;65.03;
20/11/2025;09:34:24.000;65.01;
20/11/2025;09:34:29.000;65.00;
20/11/2025;09:34:34.000;64.98;
20/11/2025;09:34:39.000;64.96;
20/11/2025;09:34:44.000;64.94;
20/11/2025;09:34:49.000;64.91;
20/11/2025;09:34:54.000;64.87;
20/11/2025;09:34:59.000;64.75;
20/11/2025;09:35:04.000;64.55;
20/11/2025;09:35:09.000;64.45;
20/11/2025;09:35:14.000;64.27;
20/11/2025;09:35:19.000;64.18;
20/11/2025;09:35:24.000;64.15;
20/11/2025;09:35:29.000;64.08;
20/11/2025;09:35:34.000;63.88;
20/11/2025;09:35:39.000;63.67;
20/11/2025;09:35:44.000;63.40;
20/11/2025;09:35:49.000;63.19;
20/11/2025;09:35:54.000;63.10;
20/11/2025;09:35:59.000;62.98;
20/11/2025;09:36:04.000;62.63;
20/11/2025;09:36:09.000;62.24;
20/11/2025;09:36:14.000;61.92;
20/11/2025;09:36:19.000;61.74;
20/11/2025;09:36:24.000;61.64;
20/11/2025;09:36:29.000;61.58;
20/11/2025;09:36:34.000;61.46;
20/11/2025;09:36:39.000;61.14;
20/11/2025;09:36:44.000;60.63;
20/11/2025;09:36:49.000;60.05;
20/11/2025;09:36:54.000;59.61;
20/11/2025;09:36:59.000;59.43;
20/11/2025;09:37:04.000;59.25;
20/11/2025;09:37:09.000;59.17;
20/11/2025;09:37:14.000;59.06;
20/11/2025;09:37:19.000;58.92;
20/11/2025;09:37:24.000;58.78;
20/11/2025;09:37:29.000;58.57;
20/11/2025;09:37:34.000;58.25;
20/11/2025;09:37:39.000;57.63;
20/11/2025;09:37:44.000;56.98;
20/11/2025;09:37:49.000;56.33;
20/11/2025;09:37:54.000;55.75;
20/11/2025;09:37:59.000;55.24;
20/11/2025;09:38:04.000;54.87;
20/11/2025;09:38:09.000;54.31;
20/11/2025;09:38:14.000;53.82;
20/11/2025;09:38:19.000;53.35;
20/11/2025;09:38:24.000;52.91;
20/11/2025;09:38:29.000;52.51;
20/11/2025;09:38:34.000;52.12;
20/11/2025;09:38:39.000;51.91;
20/11/2025;09:38:44.000;51.63;
20/11/2025;09:38:49.000;51.25;
20/11/2025;09:38:54.000;50.84;
20/11/2025;09:38:59.000;50.39;
20/11/2025;09:39:04.000;49.92;
20/11/2025;09:39:09.000;49.51;
20/11/2025;09:39:14.000;49.16;
20/11/2025;09:39:19.000;48.83;
20/11/2025;09:39:24.000;48.57;
20/11/2025;09:39:29.000;48.34;
20/11/2025;09:39:34.000;48.13;
20/11/2025;09:39:39.000;47.94;
20/11/2025;09:39:44.000;47.73;
20/11/2025;09:39:49.000;47.68;
20/11/2025;09:39:54.000;47.63;
20/11/2025;09:39:59.000;47.56;
20/11/2025;09:40:04.000;47.37;
20/11/2025;09:40:09.000;47.05;
20/11/2025;09:40:14.000;45.38;
20/11/2025;09:40:19.000;43.85;
20/11/2025;09:40:24.000;42.68;
20/11/2025;09:40:29.000;41.82;
20/11/2025;09:40:34.000;40.76;
20/11/2025;09:40:39.000;39.32;
20/11/2025;09:40:44.000;38.11;
20/11/2025;09:40:49.000;36.98;
20/11/2025;09:40:54.000;34.62;
20/11/2025;09:40:59.000;32.60;
20/11/2025;09:41:04.000;31.27;
20/11/2025;09:41:09.000;30.59;
20/11/2025;09:41:14.000;30.21;
20/11/2025;09:41:19.000;29.68;
20/11/2025;09:41:24.000;29.33;
20/11/2025;09:41:29.000;29.11;
20/11/2025;09:41:34.000;28.89;
20/11/2025;09:41:39.000;27.75;
20/11/2025;09:41:44.000;26.71;
20/11/2025;09:41:49.000;26.19;
20/11/2025;09:41:54.000;25.58;
20/11/2025;09:41:59.000;25.03;
20/11/2025;09:42:04.000;24.64;
20/11/2025;09:42:09.000;24.42;
20/11/2025;09:42:14.000;24.45;
20/11/2025;09:42:19.000;24.57;
20/11/2025;09:42:24.000;24.76;
20/11/2025;09:42:29.000;24.91;
20/11/2025;09:42:34.000;24.91;
20/11/2025;09:42:39.000;24.96;
20/11/2025;09:42:44.000;25.03;
20/11/2025;09:42:49.000;25.07;
20/11/2025;09:42:54.000;25.07;
20/11/2025;09:42:59.000;25.05;
20/11/2025;09:43:04.000;25.08;
20/11/2025;09:43:09.000;25.12;
20/11/2025;09:43:14.000;25.07;
20/11/2025;09:43:19.000;24.95;
20/11/2025;09:43:24.000;24.81;
20/11/2025;09:43:29.000;24.59;
20/11/2025;09:43:34.000;24.31;
20/11/2025;09:43:39.000;24.18;
20/11/2025;09:43:44.000;24.14;
20/11/2025;09:43:49.000;24.14;
20/11/2025;09:43:54.000;24.11;
20/11/2025;09:43:59.000;24.79;
20/11/2025;09:44:04.000;25.49;
20/11/2025;09:44:09.000;26.07;
20/11/2025;09:44:14.000;26.71;
20/11/2025;09:44:19.000;27.69;
20/11/2025;09:44:24.000;28.83;
20/11/2025;09:44:29.000;32.77;
20/11/2025;09:44:34.000;48.24;
20/11/2025;09:44:39.000;56.33;
20/11/2025;09:44:44.000;64.15;
20/11/2025;09:44:49.000;66.13;
20/11/2025;09:44:54.000;68.23;
20/11/2025;09:44:59.000;68.95;
20/11/2025;09:45:04.000;69.99;
20/11/2025;09:45:09.000;70.02;
20/11/2025;09:45:14.000;71.18;
20/11/2025;09:45:19.000;72.46;
20/11/2025;09:45:24.000;72.94;
20/11/2025;09:45:29.000;73.37;
20/11/2025;09:45:34.000;73.48;
20/11/2025;09:45:39.000;74.37;
20/11/2025;09:45:44.000;74.46;
20/11/2025;09:45:49.000;74.64;
20/11/2025;09:45:54.000;74.89;
20/11/2025;09:45:59.000;75.46;
20/11/2025;09:46:04.000;75.85;
20/11/2025;09:46:09.000;76.05;
20/11/2025;09:46:14.000;76.07;
20/11/2025;09:46:19.000;76.32;
20/11/2025;09:46:24.000;76.43;
20/11/2025;09:46:29.000;76.55;
20/11/2025;09:46:34.000;76.53;
20/11/2025;09:46:39.000;76.55;
20/11/2025;09:46:44.000;76.48;
20/11/2025;09:46:49.000;76.36;
20/11/2025;09:46:54.000;76.37;
20/11/2025;09:46:59.000;76.39;
20/11/2025;09:47:04.000;76.61;
20/11/2025;09:47:09.000;76.59;
20/11/2025;09:47:14.000;76.70;
20/11/2025;09:47:19.000;77.52;
20/11/2025;09:47:24.000;77.02;
20/11/2025;09:47:29.000;76.62;
20/11/2025;09:47:34.000;76.93;
20/11/2025;09:47:39.000;77.04;
20/11/2025;09:47:44.000;76.66;
20/11/2025;09:47:49.000;76.53;
20/11/2025;09:47:54.000;76.64;
20/11/2025;09:47:59.000;76.57;
20/11/2025;09:48:04.000;76.52;
20/11/2025;09:48:09.000;76.45;
20/11/2025;09:48:14.000;76.52;
20/11/2025;09:48:19.000;76.46;
20/11/2025;09:48:24.000;76.23;
20/11/2025;09:48:29.000;76.19;
20/11/2025;09:48:34.000;76.23;
20/11/2025;09:48:39.000;76.28;
20/11/2025;09:48:44.000;76.39;
20/11/2025;09:48:49.000;76.28;
20/11/2025;09:48:54.000;76.12;
20/11/2025;09:48:59.000;75.96;
20/11/2025;09:49:04.000;75.85;
20/11/2025;09:49:09.000;75.82;
20/11/2025;09:49:14.000;75.82;
20/11/2025;09:49:19.000;75.82;
20/11/2025;09:49:24.000;75.78;
20/11/2025;09:49:29.000;75.73;
20/11/2025;09:49:34.000;75.71;
20/11/2025;09:49:39.000;75.62;
20/11/2025;09:49:44.000;75.48;
20/11/2025;09:49:49.000;75.43;
20/11/2025;09:49:54.000;75.32;
20/11/2025;09:49:59.000;75.10;
20/11/2025;09:50:04.000;74.89;
20/11/2025;09:50:09.000;74.62;
20/11/2025;09:50:14.000;74.32;
20/11/2025;09:50:19.000;74.07;
20/11/2025;09:50:24.000;73.82;
20/11/2025;09:50:29.000;73.60;
20/11/2025;09:50:34.000;73.12;
20/11/2025;09:50:39.000;72.43;
20/11/2025;09:50:44.000;71.66;
20/11/2025;09:50:49.000;70.97;
20/11/2025;09:50:54.000;70.31;
20/11/2025;09:50:59.000;69.84;
20/11/2025;09:51:04.000;69.56;
20/11/2025;09:51:09.000;69.35;
20/11/2025;09:51:14.000;69.22;
20/11/2025;09:51:19.000;68.94;
20/11/2025;09:51:24.000;68.67;
20/11/2025;09:51:29.000;68.31;
20/11/2025;09:51:34.000;67.96;
20/11/2025;09:51:39.000;67.57;
20/11/2025;09:51:44.000;67.16;
20/11/2025;09:51:49.000;66.86;
20/11/2025;09:51:54.000;66.81;
20/11/2025;09:51:59.000;66.84;
20/11/2025;09:52:04.000;66.82;
20/11/2025;09:52:09.000;66.79;
20/11/2025;09:52:14.000;66.70;
20/11/2025;09:52:19.000;66.61;
20/11/2025;09:52:24.000;66.50;
20/11/2025;09:52:29.000;66.40;
20/11/2025;09:52:34.000;66.29;
20/11/2025;09:52:39.000;66.22;
20/11/2025;09:52:44.000;66.18;
20/11/2025;09:52:49.000;66.18;
20/11/2025;09:52:54.000;66.20;
20/11/2025;09:52:59.000;66.20;
20/11/2025;09:53:04.000;66.20;
20/11/2025;09:53:09.000;66.18;
20/11/2025;09:53:14.000;66.18;
20/11/2025;09:53:19.000;66.18;
20/11/2025;09:53:24.000;66.17;
20/11/2025;09:53:29.000;66.13;
20/11/2025;09:53:34.000;66.08;
20/11/2025;09:53:39.000;66.04;
20/11/2025;09:53:44.000;66.03;
20/11/2025;09:53:49.000;65.99;
20/11/2025;09:53:54.000;65.95;
20/11/2025;09:53:59.000;65.94;
20/11/2025;09:54:04.000;65.92;
20/11/2025;09:54:09.000;65.92;
20/11/2025;09:54:14.000;65.95;
20/11/2025;09:54:19.000;66.04;
20/11/2025;09:54:24.000;66.13;
20/11/2025;09:54:29.000;66.18;
20/11/2025;09:54:34.000;66.24;
20/11/2025;09:54:39.000;66.27;
20/11/2025;09:54:44.000;66.29;
20/11/2025;09:54:49.000;66.33;
20/11/2025;09:54:54.000;66.36;
20/11/2025;09:54:59.000;66.40;
20/11/2025;09:55:04.000;66.43;
20/11/2025;09:55:09.000;66.45;
20/11/2025;09:55:14.000;66.47;
20/11/2025;09:55:19.000;66.49;
20/11/2025;09:55:24.000;66.49;
20/11/2025;09:55:29.000;66.47;
20/11/2025;09:55:34.000;66.47;
20/11/2025;09:55:39.000;66.49;
20/11/2025;09:55:44.000;66.56;
20/11/2025;09:55:49.000;66.61;
20/11/2025;09:55:54.000;66.65;
20/11/2025;09:55:59.000;66.66;
20/11/2025;09:56:04.000;66.66;
20/11/2025;09:56:09.000;66.68;
20/11/2025;09:56:14.000;66.66;
20/11/2025;09:56:19.000;66.66;
20/11/2025;09:56:24.000;66.65;
20/11/2025;09:56:29.000;66.63;
20/11/2025;09:56:34.000;66.61;
20/11/2025;09:56:39.000;66.59;
20/11/2025;09:56:44.000;66.57;
20/11/2025;09:56:49.000;66.56;
20/11/2025;09:56:54.000;66.56;
20/11/2025;09:56:59.000;66.56;
20/11/2025;09:57:04.000;66.54;
20/11/2025;09:57:09.000;66.50;
20/11/2025;09:57:14.000;66.47;
20/11/2025;09:57:19.000;66.43;
20/11/2025;09:57:24.000;66.38;
20/11/2025;09:57:29.000;66.34;
20/11/2025;09:57:34.000;66.29;
20/11/2025;09:57:39.000;66.26;
20/11/2025;09:57:44.000;66.22;
20/11/2025;09:57:49.000;66.18;
20/11/2025;09:57:54.000;66.15;
20/11/2025;09:57:59.000;66.11;
20/11/2025;09:58:04.000;66.04;
20/11/2025;09:58:09.000;66.01;
20/11/2025;09:58:14.000;65.97;
20/11/2025;09:58:19.000;65.94;
20/11/2025;09:58:24.000;65.92;
20/11/2025;09:58:29.000;65.88;
20/11/2025;09:58:34.000;65.83;
20/11/2025;09:58:39.000;65.76;
20/11/2025;09:58:44.000;65.71;
20/11/2025;09:58:49.000;65.69;
20/11/2025;09:58:54.000;65.69;
20/11/2025;09:58:59.000;65.67;
20/11/2025;09:59:04.000;65.64;
20/11/2025;09:59:09.000;65.60;
20/11/2025;09:59:14.000;65.56;
20/11/2025;09:59:19.000;65.51;
20/11/2025;09:59:24.000;65.46;
20/11/2025;09:59:29.000;65.42;
20/11/2025;09:59:34.000;65.37;
20/11/2025;09:59:39.000;65.32;
20/11/2025;09:59:44.000;65.30;
20/11/2025;09:59:49.000;65.30;
20/11/2025;09:59:54.000;65.28;
20/11/2025;09:59:59.000;65.26;
20/11/2025;10:00:04.000;65.25;
20/11/2025;10:00:09.000;65.19;
20/11/2025;10:00:14.000;65.12;
20/11/2025;10:00:19.000;65.07;
20/11/2025;10:00:24.000;65.03;
20/11/2025;10:00:29.000;64.98;
20/11/2025;10:00:34.000;64.93;
20/11/2025;10:00:39.000;64.84;
20/11/2025;10:00:44.000;64.75;
20/11/2025;10:00:49.000;64.71;
20/11/2025;10:00:54.000;64.63;
20/11/2025;10:00:59.000;64.55;
20/11/2025;10:01:04.000;64.52;
20/11/2025;10:01:09.000;64.43;
20/11/2025;10:01:14.000;64.25;
20/11/2025;10:01:19.000;64.11;
20/11/2025;10:01:24.000;63.88;
20/11/2025;10:01:29.000;63.67;
20/11/2025;10:01:34.000;63.55;
20/11/2025;10:01:39.000;63.44;
20/11/2025;10:01:44.000;63.37;
20/11/2025;10:01:49.000;63.30;
20/11/2025;10:01:54.000;63.21;
20/11/2025;10:01:59.000;63.07;
20/11/2025;10:02:04.000;62.89;
20/11/2025;10:02:09.000;62.63;
20/11/2025;10:02:14.000;62.33;
20/11/2025;10:02:19.000;62.04;
20/11/2025;10:02:24.000;61.81;
20/11/2025;10:02:29.000;61.55;
20/11/2025;10:02:34.000;61.25;
20/11/2025;10:02:39.000;60.97;
20/11/2025;10:02:44.000;60.54;
20/11/2025;10:02:49.000;60.01;
20/11/2025;10:02:54.000;59.73;
20/11/2025;10:02:59.000;59.61;
20/11/2025;10:03:04.000;59.54;
20/11/2025;10:03:09.000;59.52;
20/11/2025;10:03:14.000;59.52;
20/11/2025;10:03:19.000;59.55;
20/11/2025;10:03:24.000;59.62;
20/11/2025;10:03:29.000;59.66;
20/11/2025;10:03:34.000;58.97;
20/11/2025;10:03:39.000;57.79;
20/11/2025;10:03:44.000;56.65;
20/11/2025;10:03:49.000;55.77;
20/11/2025;10:03:54.000;55.21;
20/11/2025;10:03:59.000;54.89;
20/11/2025;10:04:04.000;54.82;
20/11/2025;10:04:09.000;54.82;
20/11/2025;10:04:14.000;54.89;
20/11/2025;10:04:19.000;54.75;
20/11/2025;10:04:24.000;54.29;
20/11/2025;10:04:29.000;53.68;
20/11/2025;10:04:34.000;53.05;
20/11/2025;10:04:39.000;52.47;
20/11/2025;10:04:44.000;52.03;
20/11/2025;10:04:49.000;51.65;
20/11/2025;10:04:54.000;51.37;
20/11/2025;10:04:59.000;51.14;
20/11/2025;10:05:04.000;50.98;
20/11/2025;10:05:09.000;50.81;
20/11/2025;10:05:14.000;50.70;
20/11/2025;10:05:19.000;50.55;
20/11/2025;10:05:24.000;50.23;
20/11/2025;10:05:29.000;49.67;
20/11/2025;10:05:34.000;49.04;
20/11/2025;10:05:39.000;48.31;
20/11/2025;10:05:44.000;47.63;
20/11/2025;10:05:49.000;47.16;
20/11/2025;10:05:54.000;46.63;
20/11/2025;10:05:59.000;46.22;
20/11/2025;10:06:04.000;46.06;
20/11/2025;10:06:09.000;46.04;
20/11/2025;10:06:14.000;45.61;
20/11/2025;10:06:19.000;45.27;
20/11/2025;10:06:24.000;45.24;
20/11/2025;10:06:29.000;44.89;
20/11/2025;10:06:34.000;42.91;
20/11/2025;10:06:39.000;41.23;
20/11/2025;10:06:44.000;39.84;
20/11/2025;10:06:49.000;38.80;
20/11/2025;10:06:54.000;38.24;
20/11/2025;10:06:59.000;37.85;
20/11/2025;10:07:04.000;36.98;
20/11/2025;10:07:09.000;34.96;
20/11/2025;10:07:14.000;33.29;
20/11/2025;10:07:19.000;31.77;
20/11/2025;10:07:24.000;31.24;
20/11/2025;10:07:29.000;31.57;
20/11/2025;10:07:34.000;28.87;
20/11/2025;10:07:39.000;31.02;
20/11/2025;10:07:44.000;25.87;
20/11/2025;10:07:49.000;24.84;
20/11/2025;10:07:54.000;24.47;
20/11/2025;10:07:59.000;23.54;
20/11/2025;10:08:04.000;22.96;
20/11/2025;10:08:09.000;22.64;
20/11/2025;10:08:14.000;22.48;
20/11/2025;10:08:19.000;24.42;
20/11/2025;10:08:24.000;26.79;
20/11/2025;10:08:29.000;27.75;
20/11/2025;10:08:34.000;27.51;
20/11/2025;10:08:39.000;27.81;
20/11/2025;10:08:44.000;27.45;
20/11/2025;10:08:49.000;26.97;
20/11/2025;10:08:54.000;26.52;
20/11/2025;10:08:59.000;26.14;
20/11/2025;10:09:04.000;25.82;
20/11/2025;10:09:09.000;25.53;
20/11/2025;10:09:14.000;25.30;
날짜;Hour;pv160665(File 2) 1- Temperature(°C);pv160665(File 2) 2- Fo(분);
20/11/2025;08:36:34.000;21.98;;
20/11/2025;08:36:39.000;21.98;;
20/11/2025;08:36:44.000;21.98;;
20/11/2025;08:36:49.000;21.98;;
20/11/2025;08:36:54.000;22.00;;
20/11/2025;08:36:59.000;23.09;;
20/11/2025;08:37:04.000;24.73;;
20/11/2025;08:37:09.000;25.90;;
20/11/2025;08:37:14.000;26.30;;
20/11/2025;08:37:19.000;25.61;;
20/11/2025;08:37:24.000;25.14;;
20/11/2025;08:37:29.000;24.78;;
20/11/2025;08:37:34.000;24.56;;
20/11/2025;08:37:39.000;24.38;;
20/11/2025;08:37:44.000;24.25;;
20/11/2025;08:37:49.000;24.15;;
20/11/2025;08:37:54.000;24.08;;
20/11/2025;08:37:59.000;24.03;;
20/11/2025;08:38:04.000;23.96;;
20/11/2025;08:38:09.000;23.91;;
20/11/2025;08:38:14.000;23.86;;
20/11/2025;08:38:19.000;23.80;;
20/11/2025;08:38:24.000;23.79;;
20/11/2025;08:38:29.000;23.77;;
20/11/2025;08:38:34.000;23.74;;
20/11/2025;08:38:39.000;23.70;;
20/11/2025;08:38:44.000;23.68;;
20/11/2025;08:38:49.000;23.67;;
20/11/2025;08:38:54.000;23.65;;
20/11/2025;08:38:59.000;23.63;;
20/11/2025;08:39:04.000;23.60;;
20/11/2025;08:39:09.000;23.57;;
20/11/2025;08:39:14.000;23.53;;
20/11/2025;08:39:19.000;23.51;;
20/11/2025;08:39:24.000;23.51;;
20/11/2025;08:39:29.000;23.48;;
20/11/2025;08:39:34.000;23.46;;
20/11/2025;08:39:39.000;23.45;;
20/11/2025;08:39:44.000;23.46;;
20/11/2025;08:39:49.000;23.45;;
20/11/2025;08:39:54.000;23.45;;
20/11/2025;08:39:59.000;23.43;;
20/11/2025;08:40:04.000;23.41;;
20/11/2025;08:40:09.000;23.41;;
20/11/2025;08:40:14.000;23.41;;
20/11/2025;08:40:19.000;23.39;;
20/11/2025;08:40:24.000;23.39;;
20/11/2025;08:40:29.000;23.38;;
20/11/2025;08:40:34.000;23.36;;
20/11/2025;08:40:39.000;23.38;;
20/11/2025;08:40:44.000;23.38;;
20/11/2025;08:40:49.000;23.36;;
20/11/2025;08:40:54.000;23.33;;
20/11/2025;08:40:59.000;23.33;;
20/11/2025;08:41:04.000;23.33;;
20/11/2025;08:41:09.000;23.31;;
20/11/2025;08:41:14.000;23.33;;
20/11/2025;08:41:19.000;23.33;;
20/11/2025;08:41:24.000;23.31;;
20/11/2025;08:41:29.000;23.31;;
20/11/2025;08:41:34.000;23.31;;
20/11/2025;08:41:39.000;23.31;;
20/11/2025;08:41:44.000;23.31;;
20/11/2025;08:41:49.000;23.31;;
20/11/2025;08:41:54.000;23.29;;
20/11/2025;08:41:59.000;23.26;;
20/11/2025;08:42:04.000;23.26;;
20/11/2025;08:42:09.000;23.24;;
20/11/2025;08:42:14.000;23.24;;
20/11/2025;08:42:19.000;23.21;;
20/11/2025;08:42:24.000;23.19;;
20/11/2025;08:42:29.000;23.21;;
20/11/2025;08:42:34.000;23.22;;
20/11/2025;08:42:39.000;23.22;;
20/11/2025;08:42:44.000;23.22;;
20/11/2025;08:42:49.000;23.21;;
20/11/2025;08:42:54.000;23.19;;
20/11/2025;08:42:59.000;23.17;;
20/11/2025;08:43:04.000;23.19;;
20/11/2025;08:43:09.000;23.19;;
20/11/2025;08:43:14.000;23.21;;
20/11/2025;08:43:19.000;23.22;;
20/11/2025;08:43:24.000;23.21;;
20/11/2025;08:43:29.000;23.19;;
20/11/2025;08:43:34.000;23.17;;
20/11/2025;08:43:39.000;23.17;;
20/11/2025;08:43:44.000;23.17;;
20/11/2025;08:43:49.000;23.17;;
20/11/2025;08:43:54.000;23.17;;
20/11/2025;08:43:59.000;23.17;;
20/11/2025;08:44:04.000;23.19;;
20/11/2025;08:44:09.000;23.17;;
20/11/2025;08:44:14.000;23.16;;
20/11/2025;08:44:19.000;23.16;;
20/11/2025;08:44:24.000;23.14;;
20/11/2025;08:44:29.000;23.16;;
20/11/2025;08:44:34.000;23.16;;
20/11/2025;08:44:39.000;23.16;;
20/11/2025;08:44:44.000;23.16;;
20/11/2025;08:44:49.000;23.16;;
20/11/2025;08:44:54.000;23.16;;
20/11/2025;08:44:59.000;23.14;;
20/11/2025;08:45:04.000;23.14;;
20/11/2025;08:45:09.000;23.14;;
20/11/2025;08:45:14.000;23.12;;
20/11/2025;08:45:19.000;23.12;;
20/11/2025;08:45:24.000;23.14;;
20/11/2025;08:45:29.000;23.16;;
20/11/2025;08:45:34.000;23.16;;
20/11/2025;08:45:39.000;23.16;;
20/11/2025;08:45:44.000;23.17;;
20/11/2025;08:45:49.000;23.17;;
20/11/2025;08:45:54.000;23.16;;
20/11/2025;08:45:59.000;23.16;;
20/11/2025;08:46:04.000;23.14;;
20/11/2025;08:46:09.000;23.14;;
20/11/2025;08:46:14.000;23.12;;
20/11/2025;08:46:19.000;23.12;;
20/11/2025;08:46:24.000;23.14;;
20/11/2025;08:46:29.000;23.14;;
20/11/2025;08:46:34.000;23.14;;
20/11/2025;08:46:39.000;23.14;;
20/11/2025;08:46:44.000;23.12;;
20/11/2025;08:46:49.000;23.12;;
20/11/2025;08:46:54.000;23.12;;
20/11/2025;08:46:59.000;23.11;;
20/11/2025;08:47:04.000;23.11;;
20/11/2025;08:47:09.000;23.11;;
20/11/2025;08:47:14.000;23.11;;
20/11/2025;08:47:19.000;23.11;;
20/11/2025;08:47:24.000;23.11;;
20/11/2025;08:47:29.000;23.12;;
20/11/2025;08:47:34.000;23.12;;
20/11/2025;08:47:39.000;23.12;;
20/11/2025;08:47:44.000;23.12;;
20/11/2025;08:47:49.000;23.11;;
20/11/2025;08:47:54.000;23.11;;
20/11/2025;08:47:59.000;23.11;;
20/11/2025;08:48:04.000;23.12;;
20/11/2025;08:48:09.000;23.11;;
20/11/2025;08:48:14.000;23.11;;
20/11/2025;08:48:19.000;23.12;;
20/11/2025;08:48:24.000;23.12;;
20/11/2025;08:48:29.000;23.12;;
20/11/2025;08:48:34.000;23.14;;
20/11/2025;08:48:39.000;23.14;;
20/11/2025;08:48:44.000;23.17;;
20/11/2025;08:48:49.000;23.17;;
20/11/2025;08:48:54.000;23.16;;
20/11/2025;08:48:59.000;23.16;;
20/11/2025;08:49:04.000;23.16;;
20/11/2025;08:49:09.000;23.16;;
20/11/2025;08:49:14.000;23.16;;
20/11/2025;08:49:19.000;23.16;;
20/11/2025;08:49:24.000;23.16;;
20/11/2025;08:49:29.000;23.16;;
20/11/2025;08:49:34.000;23.16;;
20/11/2025;08:49:39.000;23.16;;
20/11/2025;08:49:44.000;23.16;;
20/11/2025;08:49:49.000;23.14;;
20/11/2025;08:49:54.000;23.16;;
20/11/2025;08:49:59.000;23.16;;
20/11/2025;08:50:04.000;23.14;;
20/11/2025;08:50:09.000;23.14;;
20/11/2025;08:50:14.000;23.16;;
20/11/2025;08:50:19.000;23.16;;
20/11/2025;08:50:24.000;23.16;;
20/11/2025;08:50:29.000;23.16;;
20/11/2025;08:50:34.000;23.14;;
20/11/2025;08:50:39.000;23.14;;
20/11/2025;08:50:44.000;23.16;;
20/11/2025;08:50:49.000;23.16;;
20/11/2025;08:50:54.000;23.16;;
20/11/2025;08:50:59.000;23.17;;
20/11/2025;08:51:04.000;23.19;;
20/11/2025;08:51:09.000;23.19;;
20/11/2025;08:51:14.000;23.21;;
20/11/2025;08:51:19.000;23.19;;
20/11/2025;08:51:24.000;23.19;;
20/11/2025;08:51:29.000;23.19;;
20/11/2025;08:51:34.000;23.19;;
20/11/2025;08:51:39.000;23.17;;
20/11/2025;08:51:44.000;23.99;;
20/11/2025;08:51:49.000;45.48;;
20/11/2025;08:51:54.000;50.29;;
20/11/2025;08:51:59.000;50.47;;
20/11/2025;08:52:04.000;50.34;;
20/11/2025;08:52:09.000;50.10;;
20/11/2025;08:52:14.000;49.98;;
20/11/2025;08:52:19.000;49.91;;
20/11/2025;08:52:24.000;49.82;;
20/11/2025;08:52:29.000;49.75;;
20/11/2025;08:52:34.000;49.70;;
20/11/2025;08:52:39.000;49.77;;
20/11/2025;08:52:44.000;49.73;;
20/11/2025;08:52:49.000;49.75;;
20/11/2025;08:52:54.000;49.92;;
20/11/2025;08:52:59.000;49.98;;
20/11/2025;08:53:04.000;50.05;;
20/11/2025;08:53:09.000;50.03;;
20/11/2025;08:53:14.000;50.12;;
20/11/2025;08:53:19.000;50.22;;
20/11/2025;08:53:24.000;50.15;;
20/11/2025;08:53:29.000;50.10;;
20/11/2025;08:53:34.000;50.06;;
20/11/2025;08:53:39.000;50.13;;
20/11/2025;08:53:44.000;50.06;;
20/11/2025;08:53:49.000;50.27;;
20/11/2025;08:53:54.000;50.36;;
20/11/2025;08:53:59.000;50.45;;
20/11/2025;08:54:04.000;50.57;;
20/11/2025;08:54:09.000;50.61;;
20/11/2025;08:54:14.000;50.50;;
20/11/2025;08:54:19.000;50.38;;
20/11/2025;08:54:24.000;50.43;;
20/11/2025;08:54:29.000;50.73;;
20/11/2025;08:54:34.000;51.44;;
20/11/2025;08:54:39.000;52.09;;
20/11/2025;08:54:44.000;52.35;;
20/11/2025;08:54:49.000;52.56;;
20/11/2025;08:54:54.000;52.82;;
20/11/2025;08:54:59.000;53.26;;
20/11/2025;08:55:04.000;53.49;;
20/11/2025;08:55:09.000;53.80;;
20/11/2025;08:55:14.000;54.17;;
20/11/2025;08:55:19.000;54.61;;
20/11/2025;08:55:24.000;54.91;;
20/11/2025;08:55:29.000;55.31;;
20/11/2025;08:55:34.000;55.63;;
20/11/2025;08:55:39.000;55.84;;
20/11/2025;08:55:44.000;55.94;;
20/11/2025;08:55:49.000;56.35;;
20/11/2025;08:55:54.000;56.70;;
20/11/2025;08:55:59.000;57.00;;
20/11/2025;08:56:04.000;57.31;;
20/11/2025;08:56:09.000;57.68;;
20/11/2025;08:56:14.000;58.05;;
20/11/2025;08:56:19.000;58.52;;
20/11/2025;08:56:24.000;58.89;;
20/11/2025;08:56:29.000;59.24;;
20/11/2025;08:56:34.000;59.56;;
20/11/2025;08:56:39.000;59.98;;
20/11/2025;08:56:44.000;60.34;;
20/11/2025;08:56:49.000;60.71;;
20/11/2025;08:56:54.000;61.18;;
20/11/2025;08:56:59.000;61.41;;
20/11/2025;08:57:04.000;61.75;;
20/11/2025;08:57:09.000;62.19;;
20/11/2025;08:57:14.000;62.49;;
20/11/2025;08:57:19.000;62.82;;
20/11/2025;08:57:24.000;63.21;0.08;
20/11/2025;08:57:29.000;63.49;0.17;
20/11/2025;08:57:34.000;63.90;0.27;
20/11/2025;08:57:39.000;64.18;0.37;
20/11/2025;08:57:44.000;64.50;0.48;
20/11/2025;08:57:49.000;64.78;0.60;
20/11/2025;08:57:54.000;65.12;0.72;
20/11/2025;08:57:59.000;65.38;0.85;
20/11/2025;08:58:04.000;65.67;0.99;
20/11/2025;08:58:09.000;65.97;1.14;
20/11/2025;08:58:14.000;66.20;1.29;
20/11/2025;08:58:19.000;66.46;1.46;
20/11/2025;08:58:24.000;66.73;1.63;
20/11/2025;08:58:29.000;67.05;1.81;
20/11/2025;08:58:34.000;67.19;2.00;
20/11/2025;08:58:39.000;67.40;2.20;
20/11/2025;08:58:44.000;67.60;2.41;
20/11/2025;08:58:49.000;67.81;2.62;
20/11/2025;08:58:54.000;68.02;2.85;
20/11/2025;08:58:59.000;68.20;3.08;
20/11/2025;08:59:04.000;68.36;3.32;
20/11/2025;08:59:09.000;68.45;3.57;
20/11/2025;08:59:14.000;68.57;3.83;
20/11/2025;08:59:19.000;68.75;4.09;
20/11/2025;08:59:24.000;68.89;4.36;
20/11/2025;08:59:29.000;69.01;4.63;
20/11/2025;08:59:34.000;69.14;4.92;
20/11/2025;08:59:39.000;69.24;5.21;
20/11/2025;08:59:44.000;69.35;5.51;
20/11/2025;08:59:49.000;69.42;5.81;
20/11/2025;08:59:54.000;69.49;6.12;
20/11/2025;08:59:59.000;69.58;6.43;
20/11/2025;09:00:04.000;69.67;6.75;
20/11/2025;09:00:09.000;69.72;7.07;
20/11/2025;09:00:14.000;69.83;7.40;
20/11/2025;09:00:19.000;69.88;7.73;
20/11/2025;09:00:24.000;69.92;8.06;
20/11/2025;09:00:29.000;69.95;8.40;
20/11/2025;09:00:34.000;69.97;8.74;
20/11/2025;09:00:39.000;69.97;9.08;
20/11/2025;09:00:44.000;69.95;9.42;
20/11/2025;09:00:49.000;69.92;9.76;
20/11/2025;09:00:54.000;69.90;10.10;
20/11/2025;09:00:59.000;69.87;10.43;
20/11/2025;09:01:04.000;69.85;10.77;
20/11/2025;09:01:09.000;69.81;11.10;
20/11/2025;09:01:14.000;69.78;11.43;
20/11/2025;09:01:19.000;69.74;11.75;
20/11/2025;09:01:24.000;69.71;12.08;
20/11/2025;09:01:29.000;69.65;12.40;
20/11/2025;09:01:34.000;69.63;12.72;
20/11/2025;09:01:39.000;69.62;13.03;
20/11/2025;09:01:44.000;69.58;13.35;
20/11/2025;09:01:49.000;69.56;13.66;
20/11/2025;09:01:54.000;69.53;13.98;
20/11/2025;09:01:59.000;69.49;14.29;
20/11/2025;09:02:04.000;69.47;14.60;
20/11/2025;09:02:09.000;69.44;14.90;
20/11/2025;09:02:14.000;69.42;15.21;
20/11/2025;09:02:19.000;69.40;15.51;
20/11/2025;09:02:24.000;69.37;15.82;
20/11/2025;09:02:29.000;69.35;16.12;
20/11/2025;09:02:34.000;69.32;16.42;
20/11/2025;09:02:39.000;69.28;16.71;
20/11/2025;09:02:44.000;69.26;17.01;
20/11/2025;09:02:49.000;69.23;17.30;
20/11/2025;09:02:54.000;69.19;17.60;
20/11/2025;09:02:59.000;69.16;17.89;
20/11/2025;09:03:04.000;69.12;18.17;
20/11/2025;09:03:09.000;69.08;18.46;
20/11/2025;09:03:14.000;69.07;18.74;
20/11/2025;09:03:19.000;69.03;19.03;
20/11/2025;09:03:24.000;69.00;19.31;
20/11/2025;09:03:29.000;68.96;19.59;
20/11/2025;09:03:34.000;68.92;19.86;
20/11/2025;09:03:39.000;68.91;20.14;
20/11/2025;09:03:44.000;68.87;20.41;
20/11/2025;09:03:49.000;68.84;20.68;
20/11/2025;09:03:54.000;68.82;20.95;
20/11/2025;09:03:59.000;68.78;21.22;
20/11/2025;09:04:04.000;68.77;21.49;
20/11/2025;09:04:09.000;68.73;21.76;
20/11/2025;09:04:14.000;68.69;22.02;
20/11/2025;09:04:19.000;68.68;22.28;
20/11/2025;09:04:24.000;68.64;22.55;
20/11/2025;09:04:29.000;68.61;22.80;
20/11/2025;09:04:34.000;68.59;23.06;
20/11/2025;09:04:39.000;68.55;23.32;
20/11/2025;09:04:44.000;68.52;23.57;
20/11/2025;09:04:49.000;68.50;23.83;
20/11/2025;09:04:54.000;68.46;24.08;
20/11/2025;09:04:59.000;68.45;24.33;
20/11/2025;09:05:04.000;68.43;24.58;
20/11/2025;09:05:09.000;68.39;24.83;
20/11/2025;09:05:14.000;68.38;25.08;
20/11/2025;09:05:19.000;68.36;25.32;
20/11/2025;09:05:24.000;68.34;25.57;
20/11/2025;09:05:29.000;68.30;25.81;
20/11/2025;09:05:34.000;68.29;26.05;
20/11/2025;09:05:39.000;68.27;26.30;
20/11/2025;09:05:44.000;68.25;26.54;
20/11/2025;09:05:49.000;68.23;26.78;
20/11/2025;09:05:54.000;68.22;27.02;
20/11/2025;09:05:59.000;68.18;27.26;
20/11/2025;09:06:04.000;68.16;27.49;
20/11/2025;09:06:09.000;68.14;27.73;
20/11/2025;09:06:14.000;68.13;27.96;
20/11/2025;09:06:19.000;68.11;28.20;
20/11/2025;09:06:24.000;68.09;28.43;
20/11/2025;09:06:29.000;68.07;28.66;
20/11/2025;09:06:34.000;68.06;28.90;
20/11/2025;09:06:39.000;68.04;29.13;
20/11/2025;09:06:44.000;68.02;29.36;
20/11/2025;09:06:49.000;68.00;29.59;
20/11/2025;09:06:54.000;67.99;29.81;
20/11/2025;09:06:59.000;67.97;30.04;
20/11/2025;09:07:04.000;67.95;30.27;
20/11/2025;09:07:09.000;67.93;30.49;
20/11/2025;09:07:14.000;67.91;30.72;
20/11/2025;09:07:19.000;67.90;30.94;
20/11/2025;09:07:24.000;67.88;31.17;
20/11/2025;09:07:29.000;67.86;31.39;
20/11/2025;09:07:34.000;67.84;31.61;
20/11/2025;09:07:39.000;67.83;31.83;
20/11/2025;09:07:44.000;67.81;32.06;
20/11/2025;09:07:49.000;67.79;32.27;
20/11/2025;09:07:54.000;67.77;32.49;
20/11/2025;09:07:59.000;67.77;32.71;
20/11/2025;09:08:04.000;67.75;32.93;
20/11/2025;09:08:09.000;67.74;33.15;
20/11/2025;09:08:14.000;67.72;33.36;
20/11/2025;09:08:19.000;67.70;33.58;
20/11/2025;09:08:24.000;67.68;33.80;
20/11/2025;09:08:29.000;67.67;34.01;
20/11/2025;09:08:34.000;67.65;34.22;
20/11/2025;09:08:39.000;67.63;34.44;
20/11/2025;09:08:44.000;67.61;34.65;
20/11/2025;09:08:49.000;67.60;34.86;
20/11/2025;09:08:54.000;67.60;35.07;
20/11/2025;09:08:59.000;67.58;35.28;
20/11/2025;09:09:04.000;67.56;35.49;
20/11/2025;09:09:09.000;67.56;35.70;
20/11/2025;09:09:14.000;67.54;35.91;
20/11/2025;09:09:19.000;67.52;36.12;
20/11/2025;09:09:24.000;67.51;36.32;
20/11/2025;09:09:29.000;67.49;36.53;
20/11/2025;09:09:34.000;67.47;36.74;
20/11/2025;09:09:39.000;67.45;36.94;
20/11/2025;09:09:44.000;67.44;37.15;
20/11/2025;09:09:49.000;67.42;37.35;
20/11/2025;09:09:54.000;67.42;37.55;
20/11/2025;09:09:59.000;67.40;37.76;
20/11/2025;09:10:04.000;67.38;37.96;
20/11/2025;09:10:09.000;67.36;38.16;
20/11/2025;09:10:14.000;67.35;38.36;
20/11/2025;09:10:19.000;67.33;38.56;
20/11/2025;09:10:24.000;67.31;38.76;
20/11/2025;09:10:29.000;67.29;38.96;
20/11/2025;09:10:34.000;67.28;39.16;
20/11/2025;09:10:39.000;67.26;39.35;
20/11/2025;09:10:44.000;67.24;39.55;
20/11/2025;09:10:49.000;67.22;39.75;
20/11/2025;09:10:54.000;67.21;39.94;
20/11/2025;09:10:59.000;67.19;40.14;
20/11/2025;09:11:04.000;67.19;40.33;
20/11/2025;09:11:09.000;67.17;40.53;
20/11/2025;09:11:14.000;67.15;40.72;
20/11/2025;09:11:19.000;67.13;40.91;
20/11/2025;09:11:24.000;67.12;41.10;
20/11/2025;09:11:29.000;67.10;41.29;
20/11/2025;09:11:34.000;67.08;41.48;
20/11/2025;09:11:39.000;67.06;41.67;
20/11/2025;09:11:44.000;67.05;41.86;
20/11/2025;09:11:49.000;67.03;42.05;
20/11/2025;09:11:54.000;67.01;42.24;
20/11/2025;09:11:59.000;66.99;42.43;
20/11/2025;09:12:04.000;66.98;42.61;
20/11/2025;09:12:09.000;66.96;42.80;
20/11/2025;09:12:14.000;66.94;42.98;
20/11/2025;09:12:19.000;66.92;43.17;
20/11/2025;09:12:24.000;66.90;43.35;
20/11/2025;09:12:29.000;66.89;43.53;
20/11/2025;09:12:34.000;66.85;43.72;
20/11/2025;09:12:39.000;66.83;43.90;
20/11/2025;09:12:44.000;66.82;44.08;
20/11/2025;09:12:49.000;66.80;44.26;
20/11/2025;09:12:54.000;66.78;44.44;
20/11/2025;09:12:59.000;66.74;44.61;
20/11/2025;09:13:04.000;66.73;44.79;
20/11/2025;09:13:09.000;66.69;44.97;
20/11/2025;09:13:14.000;66.67;45.14;
20/11/2025;09:13:19.000;66.64;45.32;
20/11/2025;09:13:24.000;66.62;45.49;
20/11/2025;09:13:29.000;66.60;45.66;
20/11/2025;09:13:34.000;66.59;45.84;
20/11/2025;09:13:39.000;66.55;46.01;
20/11/2025;09:13:44.000;66.53;46.18;
20/11/2025;09:13:49.000;66.51;46.35;
20/11/2025;09:13:54.000;66.48;46.52;
20/11/2025;09:13:59.000;66.46;46.68;
20/11/2025;09:14:04.000;66.43;46.85;
20/11/2025;09:14:09.000;66.39;47.02;
20/11/2025;09:14:14.000;66.37;47.18;
20/11/2025;09:14:19.000;66.34;47.35;
20/11/2025;09:14:24.000;66.32;47.51;
20/11/2025;09:14:29.000;66.28;47.67;
20/11/2025;09:14:34.000;66.27;47.83;
20/11/2025;09:14:39.000;66.23;47.99;
20/11/2025;09:14:44.000;66.20;48.15;
20/11/2025;09:14:49.000;66.16;48.31;
20/11/2025;09:14:54.000;66.14;48.47;
20/11/2025;09:14:59.000;66.11;48.63;
20/11/2025;09:15:04.000;66.07;48.78;
20/11/2025;09:15:09.000;66.04;48.94;
20/11/2025;09:15:14.000;66.00;49.09;
20/11/2025;09:15:19.000;65.98;49.24;
20/11/2025;09:15:24.000;65.95;49.39;
20/11/2025;09:15:29.000;65.91;49.54;
20/11/2025;09:15:34.000;65.88;49.69;
20/11/2025;09:15:39.000;65.84;49.84;
20/11/2025;09:15:44.000;65.81;49.99;
20/11/2025;09:15:49.000;65.77;50.14;
20/11/2025;09:15:54.000;65.75;50.28;
20/11/2025;09:15:59.000;65.70;50.43;
20/11/2025;09:16:04.000;65.67;50.57;
20/11/2025;09:16:09.000;65.63;50.71;
20/11/2025;09:16:14.000;65.59;50.85;
20/11/2025;09:16:19.000;65.58;50.99;
20/11/2025;09:16:24.000;65.54;51.13;
20/11/2025;09:16:29.000;65.49;51.27;
20/11/2025;09:16:34.000;65.45;51.41;
20/11/2025;09:16:39.000;65.42;51.55;
20/11/2025;09:16:44.000;65.38;51.68;
20/11/2025;09:16:49.000;65.35;51.82;
20/11/2025;09:16:54.000;65.31;51.95;
20/11/2025;09:16:59.000;65.28;52.08;
20/11/2025;09:17:04.000;65.22;52.21;
20/11/2025;09:17:09.000;65.13;52.34;
20/11/2025;09:17:14.000;65.12;52.47;
20/11/2025;09:17:19.000;65.17;52.60;
20/11/2025;09:17:24.000;64.71;52.72;
20/11/2025;09:17:29.000;65.88;52.85;
20/11/2025;09:17:34.000;67.95;53.04;
20/11/2025;09:17:39.000;67.86;53.26;
20/11/2025;09:17:44.000;67.54;53.48;
20/11/2025;09:17:49.000;67.05;53.68;
20/11/2025;09:17:54.000;66.89;53.86;
20/11/2025;09:17:59.000;66.60;54.04;
20/11/2025;09:18:04.000;49.30;54.09;
20/11/2025;09:18:09.000;36.50;;
20/11/2025;09:18:14.000;28.32;;
20/11/2025;09:18:19.000;27.41;;
20/11/2025;09:18:24.000;30.27;;
20/11/2025;09:18:29.000;30.91;;
20/11/2025;09:18:34.000;31.66;;
20/11/2025;09:18:39.000;32.14;;
20/11/2025;09:18:44.000;32.52;;
20/11/2025;09:18:49.000;32.78;;
20/11/2025;09:18:54.000;33.05;;
20/11/2025;09:18:59.000;33.29;;
20/11/2025;09:19:04.000;33.52;;
20/11/2025;09:19:09.000;32.98;;
20/11/2025;09:19:14.000;30.67;;
20/11/2025;09:19:19.000;49.16;;
20/11/2025;09:19:24.000;54.75;;
20/11/2025;09:19:29.000;55.15;;
20/11/2025;09:19:34.000;55.01;;
20/11/2025;09:19:39.000;54.56;;
20/11/2025;09:19:44.000;54.54;;
20/11/2025;09:19:49.000;54.45;;
20/11/2025;09:19:54.000;54.31;;
20/11/2025;09:19:59.000;54.26;;
20/11/2025;09:20:04.000;54.08;;
20/11/2025;09:20:09.000;53.82;;
20/11/2025;09:20:14.000;53.75;;
20/11/2025;09:20:19.000;53.86;;
20/11/2025;09:20:24.000;53.86;;
20/11/2025;09:20:29.000;53.82;;
20/11/2025;09:20:34.000;53.80;;
20/11/2025;09:20:39.000;53.80;;
20/11/2025;09:20:44.000;53.87;;
20/11/2025;09:20:49.000;54.36;;
20/11/2025;09:20:54.000;55.12;;
20/11/2025;09:20:59.000;55.61;;
20/11/2025;09:21:04.000;56.03;;
20/11/2025;09:21:09.000;56.42;;
20/11/2025;09:21:14.000;56.71;;
20/11/2025;09:21:19.000;56.92;;
20/11/2025;09:21:24.000;57.43;;
20/11/2025;09:21:29.000;57.79;;
20/11/2025;09:21:34.000;58.01;;
20/11/2025;09:21:39.000;58.26;;
20/11/2025;09:21:44.000;58.56;;
20/11/2025;09:21:49.000;58.80;;
20/11/2025;09:21:54.000;59.09;;
20/11/2025;09:21:59.000;59.37;;
20/11/2025;09:22:04.000;59.70;;
20/11/2025;09:22:09.000;59.90;;
20/11/2025;09:22:14.000;60.21;;
20/11/2025;09:22:19.000;60.64;;
20/11/2025;09:22:24.000;61.02;;
20/11/2025;09:22:29.000;61.32;;
20/11/2025;09:22:34.000;61.67;;
20/11/2025;09:22:39.000;62.01;;
20/11/2025;09:22:44.000;62.34;;
20/11/2025;09:22:49.000;62.63;;
20/11/2025;09:22:54.000;62.96;;
20/11/2025;09:22:59.000;63.37;54.18;
20/11/2025;09:23:04.000;63.63;54.27;
20/11/2025;09:23:09.000;63.93;54.37;
20/11/2025;09:23:14.000;64.27;54.47;
20/11/2025;09:23:19.000;64.57;54.58;
20/11/2025;09:23:24.000;64.89;54.70;
20/11/2025;09:23:29.000;65.17;54.82;
20/11/2025;09:23:34.000;65.49;54.96;
20/11/2025;09:23:39.000;65.77;55.10;
20/11/2025;09:23:44.000;66.04;55.25;
20/11/2025;09:23:49.000;66.25;55.41;
20/11/2025;09:23:54.000;66.55;55.57;
20/11/2025;09:23:59.000;66.82;55.75;
20/11/2025;09:24:04.000;67.06;55.93;
20/11/2025;09:24:09.000;67.29;56.13;
20/11/2025;09:24:14.000;67.52;56.33;
20/11/2025;09:24:19.000;67.74;56.54;
20/11/2025;09:24:24.000;67.97;56.76;
20/11/2025;09:24:29.000;68.14;56.99;
20/11/2025;09:24:34.000;68.38;57.24;
20/11/2025;09:24:39.000;68.55;57.49;
20/11/2025;09:24:44.000;68.68;57.75;
20/11/2025;09:24:49.000;68.84;58.01;
20/11/2025;09:24:54.000;69.03;58.29;
20/11/2025;09:24:59.000;69.23;58.58;
20/11/2025;09:25:04.000;69.40;58.87;
20/11/2025;09:25:09.000;69.56;59.18;
20/11/2025;09:25:14.000;69.67;59.50;
20/11/2025;09:25:19.000;69.78;59.82;
20/11/2025;09:25:24.000;69.83;60.15;
20/11/2025;09:25:29.000;69.92;60.49;
20/11/2025;09:25:34.000;69.99;60.83;
20/11/2025;09:25:39.000;70.08;61.17;
20/11/2025;09:25:44.000;70.17;61.52;
20/11/2025;09:25:49.000;70.27;61.88;
20/11/2025;09:25:54.000;70.34;62.25;
20/11/2025;09:25:59.000;70.43;62.62;
20/11/2025;09:26:04.000;70.50;62.99;
20/11/2025;09:26:09.000;70.58;63.38;
20/11/2025;09:26:14.000;70.65;63.76;
20/11/2025;09:26:19.000;70.70;64.16;
20/11/2025;09:26:24.000;70.75;64.55;
20/11/2025;09:26:29.000;70.81;64.95;
20/11/2025;09:26:34.000;70.82;65.36;
20/11/2025;09:26:39.000;70.86;65.76;
20/11/2025;09:26:44.000;70.88;66.17;
20/11/2025;09:26:49.000;70.90;66.58;
20/11/2025;09:26:54.000;70.90;66.99;
20/11/2025;09:26:59.000;70.90;67.40;
20/11/2025;09:27:04.000;70.88;67.81;
20/11/2025;09:27:09.000;70.88;68.22;
20/11/2025;09:27:14.000;70.86;68.63;
20/11/2025;09:27:19.000;70.84;69.04;
20/11/2025;09:27:24.000;70.82;69.44;
20/11/2025;09:27:29.000;70.79;69.85;
20/11/2025;09:27:34.000;70.75;70.25;
20/11/2025;09:27:39.000;70.70;70.64;
20/11/2025;09:27:44.000;70.65;71.04;
20/11/2025;09:27:49.000;70.58;71.42;
20/11/2025;09:27:54.000;70.52;71.81;
20/11/2025;09:27:59.000;70.47;72.19;
20/11/2025;09:28:04.000;70.40;72.56;
20/11/2025;09:28:09.000;70.34;72.93;
20/11/2025;09:28:14.000;70.29;73.30;
20/11/2025;09:28:19.000;70.22;73.66;
20/11/2025;09:28:24.000;70.17;74.01;
20/11/2025;09:28:29.000;70.11;74.36;
20/11/2025;09:28:34.000;70.06;74.71;
20/11/2025;09:28:39.000;70.01;75.06;
20/11/2025;09:28:44.000;69.95;75.40;
20/11/2025;09:28:49.000;69.92;75.74;
20/11/2025;09:28:54.000;69.87;76.07;
20/11/2025;09:28:59.000;69.81;76.41;
20/11/2025;09:29:04.000;69.76;76.73;
20/11/2025;09:29:09.000;69.72;77.06;
20/11/2025;09:29:14.000;69.67;77.38;
20/11/2025;09:29:19.000;69.63;77.70;
20/11/2025;09:29:24.000;69.58;78.02;
20/11/2025;09:29:29.000;69.55;78.33;
20/11/2025;09:29:34.000;69.51;78.64;
20/11/2025;09:29:39.000;69.46;78.95;
20/11/2025;09:29:44.000;69.42;79.26;
20/11/2025;09:29:49.000;69.37;79.56;
20/11/2025;09:29:54.000;69.33;79.86;
20/11/2025;09:29:59.000;69.30;80.16;
20/11/2025;09:30:04.000;69.26;80.46;
20/11/2025;09:30:09.000;69.23;80.75;
20/11/2025;09:30:14.000;69.19;81.04;
20/11/2025;09:30:19.000;69.16;81.33;
20/11/2025;09:30:24.000;69.12;81.62;
20/11/2025;09:30:29.000;69.08;81.91;
20/11/2025;09:30:34.000;69.05;82.19;
20/11/2025;09:30:39.000;69.01;82.47;
20/11/2025;09:30:44.000;68.98;82.75;
20/11/2025;09:30:49.000;68.94;83.03;
20/11/2025;09:30:54.000;68.92;83.30;
20/11/2025;09:30:59.000;68.89;83.58;
20/11/2025;09:31:04.000;68.85;83.85;
20/11/2025;09:31:09.000;68.82;84.12;
20/11/2025;09:31:14.000;68.80;84.39;
20/11/2025;09:31:19.000;68.77;84.66;
20/11/2025;09:31:24.000;68.73;84.93;
20/11/2025;09:31:29.000;68.71;85.19;
20/11/2025;09:31:34.000;68.69;85.45;
20/11/2025;09:31:39.000;68.66;85.72;
20/11/2025;09:31:44.000;68.64;85.98;
20/11/2025;09:31:49.000;68.61;86.24;
20/11/2025;09:31:54.000;68.59;86.50;
20/11/2025;09:31:59.000;68.55;86.75;
20/11/2025;09:32:04.000;68.53;87.01;
20/11/2025;09:32:09.000;68.50;87.26;
20/11/2025;09:32:14.000;68.48;87.51;
20/11/2025;09:32:19.000;68.45;87.76;
20/11/2025;09:32:24.000;68.43;88.01;
20/11/2025;09:32:29.000;68.41;88.26;
20/11/2025;09:32:34.000;68.39;88.51;
20/11/2025;09:32:39.000;68.36;88.76;
20/11/2025;09:32:44.000;68.34;89.00;
20/11/2025;09:32:49.000;68.32;89.25;
20/11/2025;09:32:54.000;68.30;89.49;
20/11/2025;09:32:59.000;68.27;89.73;
20/11/2025;09:33:04.000;68.25;89.98;
20/11/2025;09:33:09.000;68.23;90.22;
20/11/2025;09:33:14.000;68.22;90.45;
20/11/2025;09:33:19.000;68.20;90.69;
20/11/2025;09:33:24.000;68.16;90.93;
20/11/2025;09:33:29.000;68.14;91.17;
20/11/2025;09:33:34.000;68.13;91.40;
20/11/2025;09:33:39.000;68.09;91.64;
20/11/2025;09:33:44.000;68.07;91.87;
20/11/2025;09:33:49.000;68.06;92.10;
20/11/2025;09:33:54.000;68.04;92.33;
20/11/2025;09:33:59.000;68.00;92.56;
20/11/2025;09:34:04.000;67.99;92.79;
20/11/2025;09:34:09.000;67.97;93.02;
20/11/2025;09:34:14.000;67.95;93.24;
20/11/2025;09:34:19.000;67.93;93.47;
20/11/2025;09:34:24.000;67.90;93.69;
20/11/2025;09:34:29.000;67.88;93.92;
20/11/2025;09:34:34.000;67.86;94.14;
20/11/2025;09:34:39.000;67.84;94.36;
20/11/2025;09:34:44.000;67.83;94.58;
20/11/2025;09:34:49.000;67.81;94.81;
20/11/2025;09:34:54.000;67.79;95.02;
20/11/2025;09:34:59.000;67.77;95.24;
20/11/2025;09:35:04.000;67.75;95.46;
20/11/2025;09:35:09.000;67.74;95.68;
20/11/2025;09:35:14.000;67.72;95.90;
20/11/2025;09:35:19.000;67.70;96.11;
20/11/2025;09:35:24.000;67.68;96.33;
20/11/2025;09:35:29.000;67.67;96.54;
20/11/2025;09:35:34.000;67.65;96.75;
20/11/2025;09:35:39.000;67.63;96.97;
20/11/2025;09:35:44.000;67.61;97.18;
20/11/2025;09:35:49.000;67.60;97.39;
20/11/2025;09:35:54.000;67.58;97.60;
20/11/2025;09:35:59.000;67.56;97.81;
20/11/2025;09:36:04.000;67.54;98.02;
20/11/2025;09:36:09.000;67.51;98.23;
20/11/2025;09:36:14.000;67.49;98.43;
20/11/2025;09:36:19.000;67.47;98.64;
20/11/2025;09:36:24.000;67.45;98.85;
20/11/2025;09:36:29.000;67.44;99.05;
20/11/2025;09:36:34.000;67.42;99.25;
20/11/2025;09:36:39.000;67.40;99.46;
20/11/2025;09:36:44.000;67.38;99.66;
20/11/2025;09:36:49.000;67.36;99.86;
20/11/2025;09:36:54.000;67.35;100.06;
20/11/2025;09:36:59.000;67.33;100.26;
20/11/2025;09:37:04.000;67.31;100.46;
20/11/2025;09:37:09.000;67.29;100.66;
20/11/2025;09:37:14.000;67.29;100.86;
20/11/2025;09:37:19.000;67.28;101.06;
20/11/2025;09:37:24.000;67.26;101.25;
20/11/2025;09:37:29.000;67.24;101.45;
20/11/2025;09:37:34.000;67.22;101.65;
20/11/2025;09:37:39.000;67.21;101.84;
20/11/2025;09:37:44.000;67.17;102.04;
20/11/2025;09:37:49.000;67.15;102.23;
20/11/2025;09:37:54.000;67.13;102.42;
20/11/2025;09:37:59.000;67.12;102.61;
20/11/2025;09:38:04.000;67.10;102.80;
20/11/2025;09:38:09.000;67.08;102.99;
20/11/2025;09:38:14.000;67.06;103.18;
20/11/2025;09:38:19.000;67.05;103.37;
20/11/2025;09:38:24.000;67.03;103.56;
20/11/2025;09:38:29.000;67.01;103.75;
20/11/2025;09:38:34.000;66.99;103.94;
20/11/2025;09:38:39.000;66.98;104.12;
20/11/2025;09:38:44.000;66.96;104.31;
20/11/2025;09:38:49.000;66.94;104.49;
20/11/2025;09:38:54.000;66.90;104.68;
20/11/2025;09:38:59.000;66.89;104.86;
20/11/2025;09:39:04.000;66.87;105.04;
20/11/2025;09:39:09.000;66.85;105.22;
20/11/2025;09:39:14.000;66.82;105.40;
20/11/2025;09:39:19.000;66.80;105.58;
20/11/2025;09:39:24.000;66.78;105.76;
20/11/2025;09:39:29.000;66.74;105.94;
20/11/2025;09:39:34.000;66.71;106.12;
20/11/2025;09:39:39.000;66.67;106.29;
20/11/2025;09:39:44.000;66.64;106.47;
20/11/2025;09:39:49.000;66.62;106.64;
20/11/2025;09:39:54.000;66.59;106.81;
20/11/2025;09:39:59.000;66.36;106.98;
20/11/2025;09:40:04.000;66.43;107.15;
20/11/2025;09:40:09.000;66.44;107.32;
20/11/2025;09:40:14.000;66.37;107.48;
20/11/2025;09:40:19.000;66.41;107.65;
20/11/2025;09:40:24.000;67.38;107.83;
20/11/2025;09:40:29.000;68.92;108.07;
20/11/2025;09:40:34.000;69.16;108.35;
20/11/2025;09:40:39.000;69.01;108.63;
20/11/2025;09:40:44.000;68.80;108.91;
20/11/2025;09:40:49.000;68.71;109.17;
20/11/2025;09:40:54.000;68.32;109.43;
20/11/2025;09:40:59.000;68.20;109.67;
20/11/2025;09:41:04.000;67.91;109.90;
20/11/2025;09:41:09.000;67.77;110.12;
20/11/2025;09:41:14.000;37.98;110.16;
20/11/2025;09:41:19.000;30.03;;
20/11/2025;09:41:24.000;28.76;;
20/11/2025;09:41:29.000;28.69;;
20/11/2025;09:41:34.000;29.59;;
20/11/2025;09:41:39.000;30.37;;
20/11/2025;09:41:44.000;30.99;;
20/11/2025;09:41:49.000;30.80;;
20/11/2025;09:41:54.000;30.60;;
20/11/2025;09:41:59.000;30.61;;
20/11/2025;09:42:04.000;30.82;;
20/11/2025;09:42:09.000;30.77;;
20/11/2025;09:42:14.000;30.41;;
20/11/2025;09:42:19.000;30.56;;
20/11/2025;09:42:24.000;31.44;;
20/11/2025;09:42:29.000;31.88;;
20/11/2025;09:42:34.000;31.44;;
20/11/2025;09:42:39.000;30.92;;
20/11/2025;09:42:44.000;30.34;;
20/11/2025;09:42:49.000;29.79;;
20/11/2025;09:42:54.000;29.23;;
20/11/2025;09:42:59.000;28.76;;
20/11/2025;09:43:04.000;28.23;;
20/11/2025;09:43:09.000;44.55;;
20/11/2025;09:43:14.000;54.03;;
20/11/2025;09:43:19.000;54.80;;
20/11/2025;09:43:24.000;54.47;;
20/11/2025;09:43:29.000;54.21;;
20/11/2025;09:43:34.000;53.96;;
20/11/2025;09:43:39.000;53.84;;
20/11/2025;09:43:44.000;53.98;;
20/11/2025;09:43:49.000;54.14;;
20/11/2025;09:43:54.000;53.79;;
20/11/2025;09:43:59.000;53.94;;
20/11/2025;09:44:04.000;53.80;;
20/11/2025;09:44:09.000;53.79;;
20/11/2025;09:44:14.000;53.68;;
20/11/2025;09:44:19.000;53.87;;
20/11/2025;09:44:24.000;53.87;;
20/11/2025;09:44:29.000;53.80;;
20/11/2025;09:44:34.000;53.77;;
20/11/2025;09:44:39.000;53.93;;
20/11/2025;09:44:44.000;54.24;;
20/11/2025;09:44:49.000;54.68;;
20/11/2025;09:44:54.000;55.15;;
20/11/2025;09:44:59.000;55.52;;
20/11/2025;09:45:04.000;55.82;;
20/11/2025;09:45:09.000;56.21;;
20/11/2025;09:45:14.000;56.49;;
20/11/2025;09:45:19.000;57.05;;
20/11/2025;09:45:24.000;57.49;;
20/11/2025;09:45:29.000;57.86;;
20/11/2025;09:45:34.000;58.12;;
20/11/2025;09:45:39.000;58.40;;
20/11/2025;09:45:44.000;58.73;;
20/11/2025;09:45:49.000;59.09;;
20/11/2025;09:45:54.000;59.40;;
20/11/2025;09:45:59.000;59.84;;
20/11/2025;09:46:04.000;60.19;;
20/11/2025;09:46:09.000;60.56;;
20/11/2025;09:46:14.000;60.99;;
20/11/2025;09:46:19.000;61.30;;
20/11/2025;09:46:24.000;61.69;;
20/11/2025;09:46:29.000;62.01;;
20/11/2025;09:46:34.000;62.50;;
20/11/2025;09:46:39.000;62.86;;
20/11/2025;09:46:44.000;63.28;110.24;
20/11/2025;09:46:49.000;63.62;110.34;
20/11/2025;09:46:54.000;63.92;110.43;
20/11/2025;09:46:59.000;64.30;110.54;
20/11/2025;09:47:04.000;64.69;110.65;
20/11/2025;09:47:09.000;65.01;110.77;
20/11/2025;09:47:14.000;65.29;110.90;
20/11/2025;09:47:19.000;65.70;111.04;
20/11/2025;09:47:24.000;66.02;111.19;
20/11/2025;09:47:29.000;66.41;111.35;
20/11/2025;09:47:34.000;66.64;111.52;
20/11/2025;09:47:39.000;66.96;111.69;
20/11/2025;09:47:44.000;67.29;111.89;
20/11/2025;09:47:49.000;67.58;112.09;
20/11/2025;09:47:54.000;67.86;112.31;
20/11/2025;09:47:59.000;68.11;112.53;
20/11/2025;09:48:04.000;68.39;112.78;
20/11/2025;09:48:09.000;68.64;113.03;
20/11/2025;09:48:14.000;68.85;113.30;
20/11/2025;09:48:19.000;69.16;113.58;
20/11/2025;09:48:24.000;69.33;113.87;
20/11/2025;09:48:29.000;69.55;114.18;
20/11/2025;09:48:34.000;69.76;114.50;
20/11/2025;09:48:39.000;70.01;114.83;
20/11/2025;09:48:44.000;70.22;115.18;
20/11/2025;09:48:49.000;70.42;115.55;
20/11/2025;09:48:54.000;70.56;115.92;
20/11/2025;09:48:59.000;70.72;116.31;
20/11/2025;09:49:04.000;70.84;116.72;
20/11/2025;09:49:09.000;71.00;117.13;
20/11/2025;09:49:14.000;71.16;117.55;
20/11/2025;09:49:19.000;71.29;117.99;
20/11/2025;09:49:24.000;71.45;118.45;
20/11/2025;09:49:29.000;71.57;118.91;
20/11/2025;09:49:34.000;71.70;119.39;
20/11/2025;09:49:39.000;71.82;119.88;
20/11/2025;09:49:44.000;71.91;120.37;
20/11/2025;09:49:49.000;72.00;120.88;
20/11/2025;09:49:54.000;72.09;121.40;
20/11/2025;09:49:59.000;72.18;121.93;
20/11/2025;09:50:04.000;72.23;122.46;
20/11/2025;09:50:09.000;72.28;123.00;
20/11/2025;09:50:14.000;72.34;123.55;
20/11/2025;09:50:19.000;72.37;124.10;
20/11/2025;09:50:24.000;72.41;124.66;
20/11/2025;09:50:29.000;72.44;125.21;
20/11/2025;09:50:34.000;72.46;125.78;
20/11/2025;09:50:39.000;72.43;126.34;
20/11/2025;09:50:44.000;72.39;126.90;
20/11/2025;09:50:49.000;72.32;127.45;
20/11/2025;09:50:54.000;72.26;127.99;
20/11/2025;09:50:59.000;72.19;128.53;
20/11/2025;09:51:04.000;72.16;129.06;
20/11/2025;09:51:09.000;72.12;129.59;
20/11/2025;09:51:14.000;72.12;130.11;
20/11/2025;09:51:19.000;72.09;130.64;
20/11/2025;09:51:24.000;72.07;131.16;
20/11/2025;09:51:29.000;72.02;131.68;
20/11/2025;09:51:34.000;71.98;132.19;
20/11/2025;09:51:39.000;71.93;132.70;
20/11/2025;09:51:44.000;71.87;133.20;
20/11/2025;09:51:49.000;71.82;133.70;
20/11/2025;09:51:54.000;71.77;134.19;
20/11/2025;09:51:59.000;71.73;134.68;
20/11/2025;09:52:04.000;71.68;135.16;
20/11/2025;09:52:09.000;71.64;135.64;
20/11/2025;09:52:14.000;71.59;136.12;
20/11/2025;09:52:19.000;71.55;136.59;
20/11/2025;09:52:24.000;71.50;137.05;
20/11/2025;09:52:29.000;71.46;137.52;
20/11/2025;09:52:34.000;71.43;137.98;
20/11/2025;09:52:39.000;71.38;138.43;
20/11/2025;09:52:44.000;71.34;138.88;
20/11/2025;09:52:49.000;71.29;139.33;
20/11/2025;09:52:54.000;71.25;139.77;
20/11/2025;09:52:59.000;71.20;140.21;
20/11/2025;09:53:04.000;71.16;140.64;
20/11/2025;09:53:09.000;71.13;141.08;
20/11/2025;09:53:14.000;71.09;141.50;
20/11/2025;09:53:19.000;71.04;141.93;
20/11/2025;09:53:24.000;71.00;142.35;
20/11/2025;09:53:29.000;70.97;142.77;
20/11/2025;09:53:34.000;70.93;143.18;
20/11/2025;09:53:39.000;70.90;143.60;
20/11/2025;09:53:44.000;70.86;144.00;
20/11/2025;09:53:49.000;70.82;144.41;
20/11/2025;09:53:54.000;70.79;144.81;
20/11/2025;09:53:59.000;70.75;145.21;
20/11/2025;09:54:04.000;70.70;145.61;
20/11/2025;09:54:09.000;70.66;146.00;
20/11/2025;09:54:14.000;70.63;146.40;
20/11/2025;09:54:19.000;70.59;146.78;
20/11/2025;09:54:24.000;70.58;147.17;
20/11/2025;09:54:29.000;70.54;147.55;
20/11/2025;09:54:34.000;70.50;147.93;
20/11/2025;09:54:39.000;70.49;148.31;
20/11/2025;09:54:44.000;70.45;148.69;
20/11/2025;09:54:49.000;70.42;149.06;
20/11/2025;09:54:54.000;70.40;149.43;
20/11/2025;09:54:59.000;70.36;149.80;
20/11/2025;09:55:04.000;70.33;150.17;
20/11/2025;09:55:09.000;70.29;150.54;
20/11/2025;09:55:14.000;70.27;150.90;
20/11/2025;09:55:19.000;70.24;151.26;
20/11/2025;09:55:24.000;70.22;151.62;
20/11/2025;09:55:29.000;70.19;151.98;
20/11/2025;09:55:34.000;70.17;152.33;
20/11/2025;09:55:39.000;70.13;152.68;
20/11/2025;09:55:44.000;70.11;153.04;
20/11/2025;09:55:49.000;70.10;153.39;
20/11/2025;09:55:54.000;70.08;153.73;
20/11/2025;09:55:59.000;70.04;154.08;
20/11/2025;09:56:04.000;70.03;154.43;
20/11/2025;09:56:09.000;69.99;154.77;
20/11/2025;09:56:14.000;69.97;155.11;
20/11/2025;09:56:19.000;69.94;155.45;
20/11/2025;09:56:24.000;69.92;155.79;
20/11/2025;09:56:29.000;69.90;156.12;
20/11/2025;09:56:34.000;69.88;156.46;
20/11/2025;09:56:39.000;69.85;156.79;
20/11/2025;09:56:44.000;69.83;157.12;
20/11/2025;09:56:49.000;69.81;157.45;
20/11/2025;09:56:54.000;69.79;157.78;
20/11/2025;09:56:59.000;69.78;158.11;
20/11/2025;09:57:04.000;69.74;158.44;
20/11/2025;09:57:09.000;69.72;158.76;
20/11/2025;09:57:14.000;69.71;159.09;
20/11/2025;09:57:19.000;69.69;159.41;
20/11/2025;09:57:24.000;69.67;159.73;
20/11/2025;09:57:29.000;69.65;160.05;
20/11/2025;09:57:34.000;69.63;160.37;
20/11/2025;09:57:39.000;69.62;160.69;
20/11/2025;09:57:44.000;69.60;161.00;
20/11/2025;09:57:49.000;69.56;161.32;
20/11/2025;09:57:54.000;69.55;161.63;
20/11/2025;09:57:59.000;69.53;161.94;
20/11/2025;09:58:04.000;69.51;162.25;
20/11/2025;09:58:09.000;69.49;162.56;
20/11/2025;09:58:14.000;69.47;162.87;
20/11/2025;09:58:19.000;69.46;163.18;
20/11/2025;09:58:24.000;69.44;163.49;
20/11/2025;09:58:29.000;69.42;163.79;
20/11/2025;09:58:34.000;69.40;164.10;
20/11/2025;09:58:39.000;69.37;164.40;
20/11/2025;09:58:44.000;69.35;164.70;
20/11/2025;09:58:49.000;69.33;165.00;
20/11/2025;09:58:54.000;69.32;165.30;
20/11/2025;09:58:59.000;69.30;165.60;
20/11/2025;09:59:04.000;69.28;165.89;
20/11/2025;09:59:09.000;69.28;166.19;
20/11/2025;09:59:14.000;69.24;166.49;
20/11/2025;09:59:19.000;69.23;166.78;
20/11/2025;09:59:24.000;69.21;167.07;
20/11/2025;09:59:29.000;69.19;167.36;
20/11/2025;09:59:34.000;69.17;167.65;
20/11/2025;09:59:39.000;69.16;167.94;
20/11/2025;09:59:44.000;69.14;168.23;
20/11/2025;09:59:49.000;69.12;168.52;
20/11/2025;09:59:54.000;69.10;168.81;
20/11/2025;09:59:59.000;69.08;169.09;
20/11/2025;10:00:04.000;69.07;169.38;
20/11/2025;10:00:09.000;69.07;169.66;
20/11/2025;10:00:14.000;69.05;169.94;
20/11/2025;10:00:19.000;69.03;170.23;
20/11/2025;10:00:24.000;69.01;170.51;
20/11/2025;10:00:29.000;69.00;170.79;
20/11/2025;10:00:34.000;68.98;171.07;
20/11/2025;10:00:39.000;68.98;171.34;
20/11/2025;10:00:44.000;68.96;171.62;
20/11/2025;10:00:49.000;68.94;171.90;
20/11/2025;10:00:54.000;68.92;172.18;
20/11/2025;10:00:59.000;68.91;172.45;
20/11/2025;10:01:04.000;68.89;172.73;
20/11/2025;10:01:09.000;68.87;173.00;
20/11/2025;10:01:14.000;68.85;173.27;
20/11/2025;10:01:19.000;68.84;173.54;
20/11/2025;10:01:24.000;68.82;173.81;
20/11/2025;10:01:29.000;68.80;174.08;
20/11/2025;10:01:34.000;68.78;174.35;
20/11/2025;10:01:39.000;68.77;174.62;
20/11/2025;10:01:44.000;68.75;174.89;
20/11/2025;10:01:49.000;68.73;175.15;
20/11/2025;10:01:54.000;68.73;175.42;
20/11/2025;10:01:59.000;68.71;175.68;
20/11/2025;10:02:04.000;68.69;175.94;
20/11/2025;10:02:09.000;68.68;176.21;
20/11/2025;10:02:14.000;68.68;176.47;
20/11/2025;10:02:19.000;68.66;176.73;
20/11/2025;10:02:24.000;68.64;176.99;
20/11/2025;10:02:29.000;68.64;177.25;
20/11/2025;10:02:34.000;68.62;177.51;
20/11/2025;10:02:39.000;68.61;177.77;
20/11/2025;10:02:44.000;68.59;178.03;
20/11/2025;10:02:49.000;68.57;178.29;
20/11/2025;10:02:54.000;68.57;178.54;
20/11/2025;10:02:59.000;68.55;178.80;
20/11/2025;10:03:04.000;68.53;179.05;
20/11/2025;10:03:09.000;68.52;179.31;
20/11/2025;10:03:14.000;68.50;179.56;
20/11/2025;10:03:19.000;68.48;179.81;
20/11/2025;10:03:24.000;68.46;180.07;
20/11/2025;10:03:29.000;68.45;180.32;
20/11/2025;10:03:34.000;68.41;180.57;
20/11/2025;10:03:39.000;68.39;180.81;
20/11/2025;10:03:44.000;68.38;181.06;
20/11/2025;10:03:49.000;68.36;181.31;
20/11/2025;10:03:54.000;68.32;181.55;
20/11/2025;10:03:59.000;68.30;181.80;
20/11/2025;10:04:04.000;68.29;182.04;
20/11/2025;10:04:09.000;68.27;182.28;
20/11/2025;10:04:14.000;68.25;182.52;
20/11/2025;10:04:19.000;68.23;182.76;
20/11/2025;10:04:24.000;68.22;183.00;
20/11/2025;10:04:29.000;68.20;183.24;
20/11/2025;10:04:34.000;68.18;183.48;
20/11/2025;10:04:39.000;68.16;183.72;
20/11/2025;10:04:44.000;68.13;183.95;
20/11/2025;10:04:49.000;68.11;184.19;
20/11/2025;10:04:54.000;68.07;184.42;
20/11/2025;10:04:59.000;68.04;184.65;
20/11/2025;10:05:04.000;68.02;184.88;
20/11/2025;10:05:09.000;67.99;185.11;
20/11/2025;10:05:14.000;67.95;185.34;
20/11/2025;10:05:19.000;67.93;185.56;
20/11/2025;10:05:24.000;67.90;185.79;
20/11/2025;10:05:29.000;67.86;186.01;
20/11/2025;10:05:34.000;67.83;186.23;
20/11/2025;10:05:39.000;67.81;186.45;
20/11/2025;10:05:44.000;67.77;186.67;
20/11/2025;10:05:49.000;67.74;186.89;
20/11/2025;10:05:54.000;67.70;187.11;
20/11/2025;10:05:59.000;67.65;187.32;
20/11/2025;10:06:04.000;67.60;187.53;
20/11/2025;10:06:09.000;67.58;187.74;
20/11/2025;10:06:14.000;67.63;187.95;
20/11/2025;10:06:19.000;67.52;188.16;
20/11/2025;10:06:24.000;67.52;188.37;
20/11/2025;10:06:29.000;66.99;188.57;
20/11/2025;10:06:34.000;67.28;188.76;
20/11/2025;10:06:39.000;67.33;188.96;
20/11/2025;10:06:44.000;67.44;189.16;
20/11/2025;10:06:49.000;67.95;189.38;
20/11/2025;10:06:54.000;68.27;189.61;
20/11/2025;10:06:59.000;68.29;189.85;
20/11/2025;10:07:04.000;67.75;190.08;
20/11/2025;10:07:09.000;68.07;190.31;
20/11/2025;10:07:14.000;68.23;190.54;
20/11/2025;10:07:19.000;68.57;190.79;
20/11/2025;10:07:24.000;49.66;190.86;
20/11/2025;10:07:29.000;35.62;;
20/11/2025;10:07:34.000;37.52;;
20/11/2025;10:07:39.000;37.36;;
20/11/2025;10:07:44.000;28.18;;
20/11/2025;10:07:49.000;25.89;;
20/11/2025;10:07:54.000;24.61;;
20/11/2025;10:07:59.000;23.00;;
20/11/2025;10:08:04.000;21.81;;
20/11/2025;10:08:09.000;21.71;;
20/11/2025;10:08:14.000;22.00;;
20/11/2025;10:08:19.000;22.61;;
20/11/2025;10:08:24.000;25.34;;
20/11/2025;10:08:29.000;26.91;;
20/11/2025;10:08:34.000;27.24;;
20/11/2025;10:08:39.000;27.34;;
20/11/2025;10:08:44.000;26.81;;
20/11/2025;10:08:49.000;26.47;;
20/11/2025;10:08:54.000;26.16;;
20/11/2025;10:08:59.000;25.94;;
20/11/2025;10:09:04.000;25.73;;
20/11/2025;10:09:09.000;25.56;;
20/11/2025;10:09:14.000;25.44;;
날짜;Hour;pv144557(File 3) 1- Temperature(°C);
20/11/2025;08:36:34.000;23.82;
20/11/2025;08:36:39.000;23.75;
20/11/2025;08:36:44.000;23.68;
20/11/2025;08:36:49.000;23.63;
20/11/2025;08:36:54.000;23.60;
20/11/2025;08:36:59.000;23.66;
20/11/2025;08:37:04.000;25.40;
20/11/2025;08:37:09.000;26.15;
20/11/2025;08:37:14.000;26.61;
20/11/2025;08:37:19.000;27.38;
20/11/2025;08:37:24.000;27.45;
20/11/2025;08:37:29.000;26.96;
20/11/2025;08:37:34.000;26.32;
20/11/2025;08:37:39.000;25.85;
20/11/2025;08:37:44.000;25.52;
20/11/2025;08:37:49.000;25.25;
20/11/2025;08:37:54.000;24.96;
20/11/2025;08:37:59.000;24.77;
20/11/2025;08:38:04.000;24.81;
20/11/2025;08:38:09.000;24.86;
20/11/2025;08:38:14.000;24.91;
20/11/2025;08:38:19.000;24.94;
20/11/2025;08:38:24.000;24.99;
20/11/2025;08:38:29.000;25.18;
20/11/2025;08:38:34.000;25.28;
20/11/2025;08:38:39.000;25.22;
20/11/2025;08:38:44.000;25.22;
20/11/2025;08:38:49.000;25.27;
20/11/2025;08:38:54.000;25.28;
20/11/2025;08:38:59.000;25.30;
20/11/2025;08:39:04.000;25.30;
20/11/2025;08:39:09.000;25.28;
20/11/2025;08:39:14.000;25.28;
20/11/2025;08:39:19.000;25.27;
20/11/2025;08:39:24.000;25.20;
20/11/2025;08:39:29.000;25.18;
20/11/2025;08:39:34.000;25.15;
20/11/2025;08:39:39.000;25.15;
20/11/2025;08:39:44.000;25.13;
20/11/2025;08:39:49.000;25.15;
20/11/2025;08:39:54.000;25.18;
20/11/2025;08:39:59.000;25.22;
20/11/2025;08:40:04.000;25.20;
20/11/2025;08:40:09.000;25.18;
20/11/2025;08:40:14.000;25.18;
20/11/2025;08:40:19.000;25.16;
20/11/2025;08:40:24.000;25.16;
20/11/2025;08:40:29.000;25.16;
20/11/2025;08:40:34.000;25.18;
20/11/2025;08:40:39.000;25.16;
20/11/2025;08:40:44.000;25.18;
20/11/2025;08:40:49.000;25.18;
20/11/2025;08:40:54.000;25.23;
20/11/2025;08:40:59.000;25.25;
20/11/2025;08:41:04.000;25.25;
20/11/2025;08:41:09.000;25.22;
20/11/2025;08:41:14.000;25.18;
20/11/2025;08:41:19.000;25.22;
20/11/2025;08:41:24.000;25.23;
20/11/2025;08:41:29.000;25.22;
20/11/2025;08:41:34.000;25.18;
20/11/2025;08:41:39.000;25.16;
20/11/2025;08:41:44.000;25.11;
20/11/2025;08:41:49.000;25.08;
20/11/2025;08:41:54.000;25.04;
20/11/2025;08:41:59.000;25.04;
20/11/2025;08:42:04.000;25.04;
20/11/2025;08:42:09.000;25.06;
20/11/2025;08:42:14.000;25.08;
20/11/2025;08:42:19.000;25.08;
20/11/2025;08:42:24.000;25.10;
20/11/2025;08:42:29.000;25.11;
20/11/2025;08:42:34.000;25.10;
20/11/2025;08:42:39.000;25.10;
20/11/2025;08:42:44.000;25.10;
20/11/2025;08:42:49.000;25.15;
20/11/2025;08:42:54.000;25.15;
20/11/2025;08:42:59.000;25.11;
20/11/2025;08:43:04.000;25.11;
20/11/2025;08:43:09.000;25.16;
20/11/2025;08:43:14.000;25.18;
20/11/2025;08:43:19.000;25.15;
20/11/2025;08:43:24.000;25.10;
20/11/2025;08:43:29.000;25.08;
20/11/2025;08:43:34.000;25.06;
20/11/2025;08:43:39.000;25.03;
20/11/2025;08:43:44.000;24.98;
20/11/2025;08:43:49.000;24.96;
20/11/2025;08:43:54.000;24.98;
20/11/2025;08:43:59.000;24.98;
20/11/2025;08:44:04.000;24.94;
20/11/2025;08:44:09.000;24.91;
20/11/2025;08:44:14.000;24.87;
20/11/2025;08:44:19.000;24.86;
20/11/2025;08:44:24.000;24.84;
20/11/2025;08:44:29.000;24.82;
20/11/2025;08:44:34.000;24.82;
20/11/2025;08:44:39.000;24.84;
20/11/2025;08:44:44.000;24.84;
20/11/2025;08:44:49.000;24.84;
20/11/2025;08:44:54.000;24.86;
20/11/2025;08:44:59.000;24.84;
20/11/2025;08:45:04.000;24.82;
20/11/2025;08:45:09.000;24.81;
20/11/2025;08:45:14.000;24.79;
20/11/2025;08:45:19.000;24.81;
20/11/2025;08:45:24.000;24.89;
20/11/2025;08:45:29.000;24.93;
20/11/2025;08:45:34.000;24.96;
20/11/2025;08:45:39.000;24.96;
20/11/2025;08:45:44.000;24.94;
20/11/2025;08:45:49.000;24.94;
20/11/2025;08:45:54.000;24.94;
20/11/2025;08:45:59.000;24.94;
20/11/2025;08:46:04.000;24.94;
20/11/2025;08:46:09.000;24.94;
20/11/2025;08:46:14.000;24.91;
20/11/2025;08:46:19.000;24.93;
20/11/2025;08:46:24.000;24.94;
20/11/2025;08:46:29.000;24.96;
20/11/2025;08:46:34.000;24.93;
20/11/2025;08:46:39.000;24.91;
20/11/2025;08:46:44.000;24.93;
20/11/2025;08:46:49.000;24.94;
20/11/2025;08:46:54.000;24.94;
20/11/2025;08:46:59.000;24.94;
20/11/2025;08:47:04.000;24.96;
20/11/2025;08:47:09.000;24.96;
20/11/2025;08:47:14.000;24.93;
20/11/2025;08:47:19.000;24.94;
20/11/2025;08:47:24.000;24.94;
20/11/2025;08:47:29.000;24.91;
20/11/2025;08:47:34.000;24.93;
20/11/2025;08:47:39.000;24.96;
20/11/2025;08:47:44.000;24.93;
20/11/2025;08:47:49.000;24.94;
20/11/2025;08:47:54.000;24.96;
20/11/2025;08:47:59.000;24.93;
20/11/2025;08:48:04.000;24.89;
20/11/2025;08:48:09.000;24.87;
20/11/2025;08:48:14.000;24.89;
20/11/2025;08:48:19.000;24.87;
20/11/2025;08:48:24.000;24.87;
20/11/2025;08:48:29.000;24.91;
20/11/2025;08:48:34.000;24.96;
20/11/2025;08:48:39.000;24.96;
20/11/2025;08:48:44.000;24.93;
20/11/2025;08:48:49.000;24.89;
20/11/2025;08:48:54.000;24.89;
20/11/2025;08:48:59.000;24.89;
20/11/2025;08:49:04.000;24.91;
20/11/2025;08:49:09.000;24.89;
20/11/2025;08:49:14.000;24.89;
20/11/2025;08:49:19.000;24.91;
20/11/2025;08:49:24.000;24.87;
20/11/2025;08:49:29.000;24.82;
20/11/2025;08:49:34.000;24.84;
20/11/2025;08:49:39.000;24.82;
20/11/2025;08:49:44.000;24.77;
20/11/2025;08:49:49.000;24.81;
20/11/2025;08:49:54.000;24.86;
20/11/2025;08:49:59.000;24.86;
20/11/2025;08:50:04.000;24.87;
20/11/2025;08:50:09.000;24.82;
20/11/2025;08:50:14.000;24.79;
20/11/2025;08:50:19.000;24.79;
20/11/2025;08:50:24.000;24.81;
20/11/2025;08:50:29.000;24.81;
20/11/2025;08:50:34.000;24.81;
20/11/2025;08:50:39.000;24.79;
20/11/2025;08:50:44.000;24.79;
20/11/2025;08:50:49.000;24.81;
20/11/2025;08:50:54.000;24.82;
20/11/2025;08:50:59.000;24.84;
20/11/2025;08:51:04.000;24.87;
20/11/2025;08:51:09.000;24.89;
20/11/2025;08:51:14.000;24.89;
20/11/2025;08:51:19.000;24.87;
20/11/2025;08:51:24.000;24.84;
20/11/2025;08:51:29.000;24.84;
20/11/2025;08:51:34.000;24.84;
20/11/2025;08:51:39.000;24.82;
20/11/2025;08:51:44.000;24.84;
20/11/2025;08:51:49.000;24.86;
20/11/2025;08:51:54.000;24.91;
20/11/2025;08:51:59.000;24.96;
20/11/2025;08:52:04.000;25.03;
20/11/2025;08:52:09.000;25.03;
20/11/2025;08:52:14.000;24.94;
20/11/2025;08:52:19.000;24.89;
20/11/2025;08:52:24.000;24.89;
20/11/2025;08:52:29.000;24.91;
20/11/2025;08:52:34.000;24.91;
20/11/2025;08:52:39.000;24.91;
20/11/2025;08:52:44.000;24.96;
20/11/2025;08:52:49.000;25.06;
20/11/2025;08:52:54.000;25.06;
20/11/2025;08:52:59.000;25.51;
20/11/2025;08:53:04.000;26.14;
20/11/2025;08:53:09.000;26.34;
20/11/2025;08:53:14.000;26.65;
20/11/2025;08:53:19.000;27.21;
20/11/2025;08:53:24.000;27.08;
20/11/2025;08:53:29.000;26.97;
20/11/2025;08:53:34.000;26.84;
20/11/2025;08:53:39.000;26.80;
20/11/2025;08:53:44.000;27.14;
20/11/2025;08:53:49.000;27.60;
20/11/2025;08:53:54.000;28.00;
20/11/2025;08:53:59.000;28.42;
20/11/2025;08:54:04.000;28.58;
20/11/2025;08:54:09.000;28.90;
20/11/2025;08:54:14.000;33.58;
20/11/2025;08:54:19.000;56.75;
20/11/2025;08:54:24.000;63.85;
20/11/2025;08:54:29.000;62.67;
20/11/2025;08:54:34.000;65.70;
20/11/2025;08:54:39.000;70.74;
20/11/2025;08:54:44.000;72.08;
20/11/2025;08:54:49.000;72.22;
20/11/2025;08:54:54.000;72.68;
20/11/2025;08:54:59.000;72.64;
20/11/2025;08:55:04.000;72.82;
20/11/2025;08:55:09.000;73.30;
20/11/2025;08:55:14.000;73.27;
20/11/2025;08:55:19.000;73.60;
20/11/2025;08:55:24.000;73.89;
20/11/2025;08:55:29.000;73.64;
20/11/2025;08:55:34.000;73.99;
20/11/2025;08:55:39.000;74.15;
20/11/2025;08:55:44.000;74.15;
20/11/2025;08:55:49.000;74.19;
20/11/2025;08:55:54.000;74.26;
20/11/2025;08:55:59.000;74.46;
20/11/2025;08:56:04.000;74.71;
20/11/2025;08:56:09.000;74.76;
20/11/2025;08:56:14.000;74.67;
20/11/2025;08:56:19.000;74.76;
20/11/2025;08:56:24.000;74.74;
20/11/2025;08:56:29.000;74.92;
20/11/2025;08:56:34.000;74.87;
20/11/2025;08:56:39.000;74.78;
20/11/2025;08:56:44.000;74.79;
20/11/2025;08:56:49.000;74.74;
20/11/2025;08:56:54.000;74.69;
20/11/2025;08:56:59.000;74.39;
20/11/2025;08:57:04.000;74.15;
20/11/2025;08:57:09.000;74.67;
20/11/2025;08:57:14.000;74.72;
20/11/2025;08:57:19.000;74.69;
20/11/2025;08:57:24.000;74.85;
20/11/2025;08:57:29.000;74.79;
20/11/2025;08:57:34.000;74.78;
20/11/2025;08:57:39.000;74.83;
20/11/2025;08:57:44.000;74.83;
20/11/2025;08:57:49.000;74.85;
20/11/2025;08:57:54.000;74.69;
20/11/2025;08:57:59.000;74.49;
20/11/2025;08:58:04.000;74.51;
20/11/2025;08:58:09.000;74.47;
20/11/2025;08:58:14.000;74.33;
20/11/2025;08:58:19.000;74.28;
20/11/2025;08:58:24.000;74.33;
20/11/2025;08:58:29.000;74.17;
20/11/2025;08:58:34.000;73.85;
20/11/2025;08:58:39.000;73.92;
20/11/2025;08:58:44.000;73.66;
20/11/2025;08:58:49.000;73.48;
20/11/2025;08:58:54.000;73.62;
20/11/2025;08:58:59.000;73.87;
20/11/2025;08:59:04.000;73.76;
20/11/2025;08:59:09.000;73.94;
20/11/2025;08:59:14.000;74.31;
20/11/2025;08:59:19.000;74.15;
20/11/2025;08:59:24.000;73.80;
20/11/2025;08:59:29.000;73.55;
20/11/2025;08:59:34.000;73.43;
20/11/2025;08:59:39.000;73.32;
20/11/2025;08:59:44.000;73.00;
20/11/2025;08:59:49.000;72.70;
20/11/2025;08:59:54.000;72.38;
20/11/2025;08:59:59.000;72.04;
20/11/2025;09:00:04.000;71.56;
20/11/2025;09:00:09.000;71.26;
20/11/2025;09:00:14.000;71.13;
20/11/2025;09:00:19.000;71.13;
20/11/2025;09:00:24.000;70.66;
20/11/2025;09:00:29.000;69.73;
20/11/2025;09:00:34.000;68.73;
20/11/2025;09:00:39.000;68.09;
20/11/2025;09:00:44.000;67.70;
20/11/2025;09:00:49.000;67.47;
20/11/2025;09:00:54.000;67.35;
20/11/2025;09:00:59.000;67.35;
20/11/2025;09:01:04.000;67.31;
20/11/2025;09:01:09.000;67.13;
20/11/2025;09:01:14.000;66.80;
20/11/2025;09:01:19.000;66.37;
20/11/2025;09:01:24.000;65.91;
20/11/2025;09:01:29.000;65.49;
20/11/2025;09:01:34.000;65.10;
20/11/2025;09:01:39.000;64.86;
20/11/2025;09:01:44.000;64.80;
20/11/2025;09:01:49.000;64.84;
20/11/2025;09:01:54.000;64.86;
20/11/2025;09:01:59.000;64.84;
20/11/2025;09:02:04.000;64.79;
20/11/2025;09:02:09.000;64.70;
20/11/2025;09:02:14.000;64.59;
20/11/2025;09:02:19.000;64.47;
20/11/2025;09:02:24.000;64.29;
20/11/2025;09:02:29.000;64.15;
20/11/2025;09:02:34.000;64.13;
20/11/2025;09:02:39.000;64.20;
20/11/2025;09:02:44.000;64.31;
20/11/2025;09:02:49.000;64.40;
20/11/2025;09:02:54.000;64.52;
20/11/2025;09:02:59.000;64.61;
20/11/2025;09:03:04.000;64.70;
20/11/2025;09:03:09.000;64.77;
20/11/2025;09:03:14.000;64.82;
20/11/2025;09:03:19.000;64.84;
20/11/2025;09:03:24.000;64.86;
20/11/2025;09:03:29.000;64.84;
20/11/2025;09:03:34.000;64.82;
20/11/2025;09:03:39.000;64.79;
20/11/2025;09:03:44.000;64.73;
20/11/2025;09:03:49.000;64.68;
20/11/2025;09:03:54.000;64.66;
20/11/2025;09:03:59.000;64.64;
20/11/2025;09:04:04.000;64.66;
20/11/2025;09:04:09.000;64.70;
20/11/2025;09:04:14.000;64.73;
20/11/2025;09:04:19.000;64.79;
20/11/2025;09:04:24.000;64.86;
20/11/2025;09:04:29.000;64.93;
20/11/2025;09:04:34.000;64.96;
20/11/2025;09:04:39.000;64.98;
20/11/2025;09:04:44.000;64.98;
20/11/2025;09:04:49.000;65.00;
20/11/2025;09:04:54.000;65.00;
20/11/2025;09:04:59.000;65.03;
20/11/2025;09:05:04.000;65.05;
20/11/2025;09:05:09.000;65.08;
20/11/2025;09:05:14.000;65.12;
20/11/2025;09:05:19.000;65.14;
20/11/2025;09:05:24.000;65.17;
20/11/2025;09:05:29.000;65.19;
20/11/2025;09:05:34.000;65.23;
20/11/2025;09:05:39.000;65.24;
20/11/2025;09:05:44.000;65.24;
20/11/2025;09:05:49.000;65.23;
20/11/2025;09:05:54.000;65.24;
20/11/2025;09:05:59.000;65.24;
20/11/2025;09:06:04.000;65.23;
20/11/2025;09:06:09.000;65.24;
20/11/2025;09:06:14.000;65.24;
20/11/2025;09:06:19.000;65.24;
20/11/2025;09:06:24.000;65.24;
20/11/2025;09:06:29.000;65.24;
20/11/2025;09:06:34.000;65.24;
20/11/2025;09:06:39.000;65.24;
20/11/2025;09:06:44.000;65.26;
20/11/2025;09:06:49.000;65.24;
20/11/2025;09:06:54.000;65.24;
20/11/2025;09:06:59.000;65.23;
20/11/2025;09:07:04.000;65.23;
20/11/2025;09:07:09.000;65.21;
20/11/2025;09:07:14.000;65.21;
20/11/2025;09:07:19.000;65.19;
20/11/2025;09:07:24.000;65.19;
20/11/2025;09:07:29.000;65.17;
20/11/2025;09:07:34.000;65.14;
20/11/2025;09:07:39.000;65.12;
20/11/2025;09:07:44.000;65.08;
20/11/2025;09:07:49.000;65.05;
20/11/2025;09:07:54.000;65.03;
20/11/2025;09:07:59.000;65.01;
20/11/2025;09:08:04.000;65.00;
20/11/2025;09:08:09.000;64.98;
20/11/2025;09:08:14.000;64.94;
20/11/2025;09:08:19.000;64.91;
20/11/2025;09:08:24.000;64.86;
20/11/2025;09:08:29.000;64.82;
20/11/2025;09:08:34.000;64.77;
20/11/2025;09:08:39.000;64.71;
20/11/2025;09:08:44.000;64.70;
20/11/2025;09:08:49.000;64.68;
20/11/2025;09:08:54.000;64.70;
20/11/2025;09:08:59.000;64.70;
20/11/2025;09:09:04.000;64.70;
20/11/2025;09:09:09.000;64.66;
20/11/2025;09:09:14.000;64.59;
20/11/2025;09:09:19.000;64.54;
20/11/2025;09:09:24.000;64.50;
20/11/2025;09:09:29.000;64.47;
20/11/2025;09:09:34.000;64.43;
20/11/2025;09:09:39.000;64.41;
20/11/2025;09:09:44.000;64.40;
20/11/2025;09:09:49.000;64.40;
20/11/2025;09:09:54.000;64.40;
20/11/2025;09:09:59.000;64.40;
20/11/2025;09:10:04.000;64.41;
20/11/2025;09:10:09.000;64.40;
20/11/2025;09:10:14.000;64.38;
20/11/2025;09:10:19.000;64.33;
20/11/2025;09:10:24.000;64.27;
20/11/2025;09:10:29.000;64.22;
20/11/2025;09:10:34.000;64.17;
20/11/2025;09:10:39.000;64.12;
20/11/2025;09:10:44.000;64.06;
20/11/2025;09:10:49.000;64.01;
20/11/2025;09:10:54.000;63.92;
20/11/2025;09:10:59.000;63.83;
20/11/2025;09:11:04.000;63.64;
20/11/2025;09:11:09.000;63.39;
20/11/2025;09:11:14.000;63.22;
20/11/2025;09:11:19.000;63.09;
20/11/2025;09:11:24.000;62.97;
20/11/2025;09:11:29.000;62.92;
20/11/2025;09:11:34.000;62.86;
20/11/2025;09:11:39.000;62.81;
20/11/2025;09:11:44.000;62.72;
20/11/2025;09:11:49.000;62.58;
20/11/2025;09:11:54.000;62.44;
20/11/2025;09:11:59.000;62.34;
20/11/2025;09:12:04.000;62.12;
20/11/2025;09:12:09.000;61.91;
20/11/2025;09:12:14.000;61.51;
20/11/2025;09:12:19.000;61.21;
20/11/2025;09:12:24.000;60.98;
20/11/2025;09:12:29.000;60.65;
20/11/2025;09:12:34.000;60.40;
20/11/2025;09:12:39.000;60.28;
20/11/2025;09:12:44.000;60.05;
20/11/2025;09:12:49.000;59.77;
20/11/2025;09:12:54.000;59.31;
20/11/2025;09:12:59.000;58.75;
20/11/2025;09:13:04.000;58.52;
20/11/2025;09:13:09.000;58.63;
20/11/2025;09:13:14.000;58.82;
20/11/2025;09:13:19.000;59.00;
20/11/2025;09:13:24.000;59.14;
20/11/2025;09:13:29.000;59.17;
20/11/2025;09:13:34.000;58.96;
20/11/2025;09:13:39.000;58.40;
20/11/2025;09:13:44.000;57.96;
20/11/2025;09:13:49.000;57.44;
20/11/2025;09:13:54.000;57.14;
20/11/2025;09:13:59.000;56.86;
20/11/2025;09:14:04.000;56.72;
20/11/2025;09:14:09.000;56.59;
20/11/2025;09:14:14.000;56.45;
20/11/2025;09:14:19.000;56.37;
20/11/2025;09:14:24.000;55.09;
20/11/2025;09:14:29.000;54.13;
20/11/2025;09:14:34.000;53.36;
20/11/2025;09:14:39.000;53.06;
20/11/2025;09:14:44.000;52.75;
20/11/2025;09:14:49.000;52.45;
20/11/2025;09:14:54.000;52.29;
20/11/2025;09:14:59.000;52.21;
20/11/2025;09:15:04.000;52.21;
20/11/2025;09:15:09.000;52.17;
20/11/2025;09:15:14.000;52.15;
20/11/2025;09:15:19.000;52.05;
20/11/2025;09:15:24.000;51.84;
20/11/2025;09:15:29.000;51.75;
20/11/2025;09:15:34.000;51.51;
20/11/2025;09:15:39.000;51.28;
20/11/2025;09:15:44.000;51.13;
20/11/2025;09:15:49.000;51.30;
20/11/2025;09:15:54.000;51.79;
20/11/2025;09:15:59.000;52.45;
20/11/2025;09:16:04.000;53.15;
20/11/2025;09:16:09.000;53.71;
20/11/2025;09:16:14.000;54.21;
20/11/2025;09:16:19.000;54.51;
20/11/2025;09:16:24.000;54.37;
20/11/2025;09:16:29.000;54.21;
20/11/2025;09:16:34.000;54.14;
20/11/2025;09:16:39.000;53.81;
20/11/2025;09:16:44.000;52.70;
20/11/2025;09:16:49.000;50.22;
20/11/2025;09:16:54.000;47.57;
20/11/2025;09:16:59.000;45.79;
20/11/2025;09:17:04.000;44.03;
20/11/2025;09:17:09.000;42.27;
20/11/2025;09:17:14.000;40.75;
20/11/2025;09:17:19.000;38.26;
20/11/2025;09:17:24.000;37.11;
20/11/2025;09:17:29.000;36.44;
20/11/2025;09:17:34.000;35.70;
20/11/2025;09:17:39.000;35.35;
20/11/2025;09:17:44.000;34.96;
20/11/2025;09:17:49.000;32.64;
20/11/2025;09:17:54.000;30.34;
20/11/2025;09:17:59.000;29.50;
20/11/2025;09:18:04.000;30.24;
20/11/2025;09:18:09.000;30.72;
20/11/2025;09:18:14.000;30.96;
20/11/2025;09:18:19.000;30.79;
20/11/2025;09:18:24.000;30.70;
20/11/2025;09:18:29.000;28.63;
20/11/2025;09:18:34.000;27.52;
20/11/2025;09:18:39.000;26.41;
20/11/2025;09:18:44.000;25.73;
20/11/2025;09:18:49.000;25.59;
20/11/2025;09:18:54.000;25.47;
20/11/2025;09:18:59.000;25.32;
20/11/2025;09:19:04.000;25.10;
20/11/2025;09:19:09.000;25.06;
20/11/2025;09:19:14.000;25.20;
20/11/2025;09:19:19.000;25.03;
20/11/2025;09:19:24.000;24.72;
20/11/2025;09:19:29.000;24.53;
20/11/2025;09:19:34.000;24.31;
20/11/2025;09:19:39.000;25.20;
20/11/2025;09:19:44.000;26.49;
20/11/2025;09:19:49.000;27.25;
20/11/2025;09:19:54.000;27.76;
20/11/2025;09:19:59.000;28.08;
20/11/2025;09:20:04.000;28.39;
20/11/2025;09:20:09.000;28.68;
20/11/2025;09:20:14.000;28.90;
20/11/2025;09:20:19.000;29.04;
20/11/2025;09:20:24.000;29.11;
20/11/2025;09:20:29.000;32.16;
20/11/2025;09:20:34.000;40.97;
20/11/2025;09:20:39.000;59.77;
20/11/2025;09:20:44.000;66.09;
20/11/2025;09:20:49.000;65.95;
20/11/2025;09:20:54.000;69.08;
20/11/2025;09:20:59.000;72.48;
20/11/2025;09:21:04.000;72.36;
20/11/2025;09:21:09.000;72.15;
20/11/2025;09:21:14.000;72.80;
20/11/2025;09:21:19.000;72.86;
20/11/2025;09:21:24.000;73.28;
20/11/2025;09:21:29.000;73.23;
20/11/2025;09:21:34.000;73.28;
20/11/2025;09:21:39.000;73.16;
20/11/2025;09:21:44.000;73.00;
20/11/2025;09:21:49.000;72.91;
20/11/2025;09:21:54.000;73.03;
20/11/2025;09:21:59.000;73.39;
20/11/2025;09:22:04.000;74.28;
20/11/2025;09:22:09.000;74.46;
20/11/2025;09:22:14.000;74.60;
20/11/2025;09:22:19.000;74.81;
20/11/2025;09:22:24.000;74.53;
20/11/2025;09:22:29.000;74.44;
20/11/2025;09:22:34.000;74.65;
20/11/2025;09:22:39.000;74.49;
20/11/2025;09:22:44.000;74.58;
20/11/2025;09:22:49.000;74.58;
20/11/2025;09:22:54.000;74.67;
20/11/2025;09:22:59.000;74.65;
20/11/2025;09:23:04.000;74.28;
20/11/2025;09:23:09.000;74.24;
20/11/2025;09:23:14.000;74.30;
20/11/2025;09:23:19.000;74.51;
20/11/2025;09:23:24.000;74.62;
20/11/2025;09:23:29.000;74.60;
20/11/2025;09:23:34.000;74.87;
20/11/2025;09:23:39.000;74.97;
20/11/2025;09:23:44.000;74.97;
20/11/2025;09:23:49.000;74.97;
20/11/2025;09:23:54.000;74.88;
20/11/2025;09:23:59.000;74.72;
20/11/2025;09:24:04.000;74.49;
20/11/2025;09:24:09.000;74.47;
20/11/2025;09:24:14.000;74.39;
20/11/2025;09:24:19.000;74.26;
20/11/2025;09:24:24.000;74.17;
20/11/2025;09:24:29.000;74.21;
20/11/2025;09:24:34.000;74.19;
20/11/2025;09:24:39.000;73.76;
20/11/2025;09:24:44.000;73.46;
20/11/2025;09:24:49.000;73.85;
20/11/2025;09:24:54.000;73.98;
20/11/2025;09:24:59.000;73.60;
20/11/2025;09:25:04.000;73.67;
20/11/2025;09:25:09.000;74.10;
20/11/2025;09:25:14.000;74.17;
20/11/2025;09:25:19.000;73.94;
20/11/2025;09:25:24.000;73.71;
20/11/2025;09:25:29.000;73.60;
20/11/2025;09:25:34.000;73.57;
20/11/2025;09:25:39.000;73.55;
20/11/2025;09:25:44.000;73.51;
20/11/2025;09:25:49.000;73.48;
20/11/2025;09:25:54.000;73.41;
20/11/2025;09:25:59.000;73.28;
20/11/2025;09:26:04.000;73.03;
20/11/2025;09:26:09.000;72.73;
20/11/2025;09:26:14.000;72.34;
20/11/2025;09:26:19.000;72.09;
20/11/2025;09:26:24.000;71.88;
20/11/2025;09:26:29.000;71.77;
20/11/2025;09:26:34.000;71.72;
20/11/2025;09:26:39.000;71.56;
20/11/2025;09:26:44.000;71.28;
20/11/2025;09:26:49.000;70.82;
20/11/2025;09:26:54.000;70.30;
20/11/2025;09:26:59.000;69.84;
20/11/2025;09:27:04.000;69.47;
20/11/2025;09:27:09.000;69.22;
20/11/2025;09:27:14.000;69.01;
20/11/2025;09:27:19.000;68.81;
20/11/2025;09:27:24.000;68.60;
20/11/2025;09:27:29.000;68.41;
20/11/2025;09:27:34.000;68.18;
20/11/2025;09:27:39.000;67.95;
20/11/2025;09:27:44.000;67.66;
20/11/2025;09:27:49.000;67.43;
20/11/2025;09:27:54.000;67.22;
20/11/2025;09:27:59.000;67.08;
20/11/2025;09:28:04.000;67.01;
20/11/2025;09:28:09.000;66.78;
20/11/2025;09:28:14.000;66.43;
20/11/2025;09:28:19.000;66.21;
20/11/2025;09:28:24.000;66.11;
20/11/2025;09:28:29.000;65.99;
20/11/2025;09:28:34.000;66.00;
20/11/2025;09:28:39.000;65.97;
20/11/2025;09:28:44.000;65.88;
20/11/2025;09:28:49.000;65.90;
20/11/2025;09:28:54.000;65.88;
20/11/2025;09:28:59.000;65.83;
20/11/2025;09:29:04.000;65.76;
20/11/2025;09:29:09.000;65.67;
20/11/2025;09:29:14.000;65.58;
20/11/2025;09:29:19.000;65.46;
20/11/2025;09:29:24.000;65.26;
20/11/2025;09:29:29.000;65.03;
20/11/2025;09:29:34.000;64.87;
20/11/2025;09:29:39.000;64.77;
20/11/2025;09:29:44.000;64.71;
20/11/2025;09:29:49.000;64.71;
20/11/2025;09:29:54.000;64.70;
20/11/2025;09:29:59.000;64.66;
20/11/2025;09:30:04.000;64.64;
20/11/2025;09:30:09.000;64.61;
20/11/2025;09:30:14.000;64.56;
20/11/2025;09:30:19.000;64.50;
20/11/2025;09:30:24.000;64.45;
20/11/2025;09:30:29.000;64.41;
20/11/2025;09:30:34.000;64.40;
20/11/2025;09:30:39.000;64.40;
20/11/2025;09:30:44.000;64.40;
20/11/2025;09:30:49.000;64.38;
20/11/2025;09:30:54.000;64.33;
20/11/2025;09:30:59.000;64.29;
20/11/2025;09:31:04.000;64.27;
20/11/2025;09:31:09.000;64.22;
20/11/2025;09:31:14.000;64.20;
20/11/2025;09:31:19.000;64.19;
20/11/2025;09:31:24.000;64.19;
20/11/2025;09:31:29.000;64.19;
20/11/2025;09:31:34.000;64.20;
20/11/2025;09:31:39.000;64.22;
20/11/2025;09:31:44.000;64.22;
20/11/2025;09:31:49.000;64.24;
20/11/2025;09:31:54.000;64.24;
20/11/2025;09:31:59.000;64.26;
20/11/2025;09:32:04.000;64.27;
20/11/2025;09:32:09.000;64.26;
20/11/2025;09:32:14.000;64.22;
20/11/2025;09:32:19.000;64.19;
20/11/2025;09:32:24.000;64.17;
20/11/2025;09:32:29.000;64.13;
20/11/2025;09:32:34.000;64.08;
20/11/2025;09:32:39.000;64.04;
20/11/2025;09:32:44.000;63.99;
20/11/2025;09:32:49.000;63.96;
20/11/2025;09:32:54.000;63.92;
20/11/2025;09:32:59.000;63.89;
20/11/2025;09:33:04.000;63.85;
20/11/2025;09:33:09.000;63.82;
20/11/2025;09:33:14.000;63.76;
20/11/2025;09:33:19.000;63.71;
20/11/2025;09:33:24.000;63.66;
20/11/2025;09:33:29.000;63.60;
20/11/2025;09:33:34.000;63.55;
20/11/2025;09:33:39.000;63.48;
20/11/2025;09:33:44.000;63.43;
20/11/2025;09:33:49.000;63.39;
20/11/2025;09:33:54.000;63.37;
20/11/2025;09:33:59.000;63.34;
20/11/2025;09:34:04.000;63.29;
20/11/2025;09:34:09.000;63.18;
20/11/2025;09:34:14.000;63.08;
20/11/2025;09:34:19.000;62.99;
20/11/2025;09:34:24.000;62.90;
20/11/2025;09:34:29.000;62.83;
20/11/2025;09:34:34.000;62.78;
20/11/2025;09:34:39.000;62.72;
20/11/2025;09:34:44.000;62.65;
20/11/2025;09:34:49.000;62.56;
20/11/2025;09:34:54.000;62.53;
20/11/2025;09:34:59.000;62.48;
20/11/2025;09:35:04.000;62.35;
20/11/2025;09:35:09.000;62.21;
20/11/2025;09:35:14.000;62.05;
20/11/2025;09:35:19.000;61.91;
20/11/2025;09:35:24.000;61.74;
20/11/2025;09:35:29.000;61.58;
20/11/2025;09:35:34.000;61.49;
20/11/2025;09:35:39.000;61.42;
20/11/2025;09:35:44.000;61.33;
20/11/2025;09:35:49.000;61.23;
20/11/2025;09:35:54.000;61.16;
20/11/2025;09:35:59.000;61.09;
20/11/2025;09:36:04.000;61.02;
20/11/2025;09:36:09.000;60.89;
20/11/2025;09:36:14.000;60.75;
20/11/2025;09:36:19.000;60.63;
20/11/2025;09:36:24.000;60.52;
20/11/2025;09:36:29.000;60.42;
20/11/2025;09:36:34.000;60.33;
20/11/2025;09:36:39.000;60.24;
20/11/2025;09:36:44.000;60.14;
20/11/2025;09:36:49.000;60.10;
20/11/2025;09:36:54.000;60.10;
20/11/2025;09:36:59.000;60.09;
20/11/2025;09:37:04.000;60.01;
20/11/2025;09:37:09.000;59.89;
20/11/2025;09:37:14.000;59.72;
20/11/2025;09:37:19.000;59.56;
20/11/2025;09:37:24.000;59.45;
20/11/2025;09:37:29.000;59.26;
20/11/2025;09:37:34.000;59.12;
20/11/2025;09:37:39.000;59.01;
20/11/2025;09:37:44.000;58.98;
20/11/2025;09:37:49.000;58.94;
20/11/2025;09:37:54.000;58.80;
20/11/2025;09:37:59.000;58.65;
20/11/2025;09:38:04.000;58.54;
20/11/2025;09:38:09.000;58.58;
20/11/2025;09:38:14.000;58.66;
20/11/2025;09:38:19.000;58.80;
20/11/2025;09:38:24.000;58.94;
20/11/2025;09:38:29.000;59.03;
20/11/2025;09:38:34.000;59.10;
20/11/2025;09:38:39.000;59.10;
20/11/2025;09:38:44.000;59.07;
20/11/2025;09:38:49.000;58.98;
20/11/2025;09:38:54.000;58.84;
20/11/2025;09:38:59.000;58.63;
20/11/2025;09:39:04.000;58.31;
20/11/2025;09:39:09.000;57.58;
20/11/2025;09:39:14.000;56.72;
20/11/2025;09:39:19.000;55.96;
20/11/2025;09:39:24.000;55.18;
20/11/2025;09:39:29.000;53.97;
20/11/2025;09:39:34.000;52.73;
20/11/2025;09:39:39.000;51.18;
20/11/2025;09:39:44.000;49.59;
20/11/2025;09:39:49.000;48.50;
20/11/2025;09:39:54.000;47.54;
20/11/2025;09:39:59.000;46.24;
20/11/2025;09:40:04.000;44.35;
20/11/2025;09:40:09.000;43.10;
20/11/2025;09:40:14.000;42.01;
20/11/2025;09:40:19.000;40.61;
20/11/2025;09:40:24.000;39.61;
20/11/2025;09:40:29.000;39.11;
20/11/2025;09:40:34.000;38.49;
20/11/2025;09:40:39.000;37.87;
20/11/2025;09:40:44.000;37.75;
20/11/2025;09:40:49.000;37.26;
20/11/2025;09:40:54.000;35.51;
20/11/2025;09:40:59.000;34.08;
20/11/2025;09:41:04.000;33.32;
20/11/2025;09:41:09.000;32.91;
20/11/2025;09:41:14.000;32.52;
20/11/2025;09:41:19.000;31.73;
20/11/2025;09:41:24.000;31.49;
20/11/2025;09:41:29.000;31.52;
20/11/2025;09:41:34.000;30.98;
20/11/2025;09:41:39.000;28.56;
20/11/2025;09:41:44.000;27.37;
20/11/2025;09:41:49.000;26.36;
20/11/2025;09:41:54.000;25.78;
20/11/2025;09:41:59.000;25.35;
20/11/2025;09:42:04.000;24.72;
20/11/2025;09:42:09.000;24.11;
20/11/2025;09:42:14.000;23.75;
20/11/2025;09:42:19.000;23.49;
20/11/2025;09:42:24.000;23.53;
20/11/2025;09:42:29.000;24.12;
20/11/2025;09:42:34.000;24.65;
20/11/2025;09:42:39.000;24.87;
20/11/2025;09:42:44.000;25.08;
20/11/2025;09:42:49.000;25.01;
20/11/2025;09:42:54.000;24.98;
20/11/2025;09:42:59.000;24.99;
20/11/2025;09:43:04.000;25.13;
20/11/2025;09:43:09.000;25.27;
20/11/2025;09:43:14.000;25.32;
20/11/2025;09:43:19.000;25.23;
20/11/2025;09:43:24.000;25.13;
20/11/2025;09:43:29.000;24.89;
20/11/2025;09:43:34.000;24.87;
20/11/2025;09:43:39.000;24.77;
20/11/2025;09:43:44.000;24.69;
20/11/2025;09:43:49.000;24.48;
20/11/2025;09:43:54.000;24.48;
20/11/2025;09:43:59.000;25.56;
20/11/2025;09:44:04.000;26.24;
20/11/2025;09:44:09.000;26.84;
20/11/2025;09:44:14.000;27.16;
20/11/2025;09:44:19.000;27.50;
20/11/2025;09:44:24.000;27.96;
20/11/2025;09:44:29.000;28.32;
20/11/2025;09:44:34.000;29.83;
20/11/2025;09:44:39.000;36.92;
20/11/2025;09:44:44.000;57.79;
20/11/2025;09:44:49.000;66.89;
20/11/2025;09:44:54.000;69.47;
20/11/2025;09:44:59.000;73.76;
20/11/2025;09:45:04.000;75.22;
20/11/2025;09:45:09.000;75.74;
20/11/2025;09:45:14.000;75.76;
20/11/2025;09:45:19.000;75.99;
20/11/2025;09:45:24.000;76.02;
20/11/2025;09:45:29.000;75.90;
20/11/2025;09:45:34.000;76.01;
20/11/2025;09:45:39.000;76.27;
20/11/2025;09:45:44.000;76.38;
20/11/2025;09:45:49.000;76.52;
20/11/2025;09:45:54.000;76.52;
20/11/2025;09:45:59.000;76.58;
20/11/2025;09:46:04.000;76.66;
20/11/2025;09:46:09.000;76.50;
20/11/2025;09:46:14.000;76.50;
20/11/2025;09:46:19.000;76.59;
20/11/2025;09:46:24.000;76.74;
20/11/2025;09:46:29.000;76.56;
20/11/2025;09:46:34.000;76.61;
20/11/2025;09:46:39.000;76.59;
20/11/2025;09:46:44.000;76.41;
20/11/2025;09:46:49.000;76.17;
20/11/2025;09:46:54.000;76.20;
20/11/2025;09:46:59.000;76.13;
20/11/2025;09:47:04.000;76.45;
20/11/2025;09:47:09.000;76.31;
20/11/2025;09:47:14.000;77.23;
20/11/2025;09:47:19.000;77.27;
20/11/2025;09:47:24.000;76.47;
20/11/2025;09:47:29.000;76.25;
20/11/2025;09:47:34.000;76.77;
20/11/2025;09:47:39.000;76.49;
20/11/2025;09:47:44.000;76.34;
20/11/2025;09:47:49.000;76.24;
20/11/2025;09:47:54.000;76.27;
20/11/2025;09:47:59.000;76.31;
20/11/2025;09:48:04.000;76.49;
20/11/2025;09:48:09.000;76.34;
20/11/2025;09:48:14.000;76.24;
20/11/2025;09:48:19.000;76.13;
20/11/2025;09:48:24.000;76.17;
20/11/2025;09:48:29.000;75.77;
20/11/2025;09:48:34.000;75.81;
20/11/2025;09:48:39.000;76.36;
20/11/2025;09:48:44.000;76.06;
20/11/2025;09:48:49.000;75.72;
20/11/2025;09:48:54.000;75.60;
20/11/2025;09:48:59.000;75.65;
20/11/2025;09:49:04.000;75.61;
20/11/2025;09:49:09.000;75.70;
20/11/2025;09:49:14.000;75.83;
20/11/2025;09:49:19.000;75.83;
20/11/2025;09:49:24.000;75.70;
20/11/2025;09:49:29.000;75.56;
20/11/2025;09:49:34.000;75.38;
20/11/2025;09:49:39.000;75.17;
20/11/2025;09:49:44.000;74.87;
20/11/2025;09:49:49.000;74.56;
20/11/2025;09:49:54.000;74.01;
20/11/2025;09:49:59.000;73.44;
20/11/2025;09:50:04.000;72.91;
20/11/2025;09:50:09.000;72.29;
20/11/2025;09:50:14.000;71.60;
20/11/2025;09:50:19.000;70.99;
20/11/2025;09:50:24.000;70.78;
20/11/2025;09:50:29.000;70.59;
20/11/2025;09:50:34.000;70.25;
20/11/2025;09:50:39.000;69.88;
20/11/2025;09:50:44.000;69.58;
20/11/2025;09:50:49.000;69.34;
20/11/2025;09:50:54.000;69.03;
20/11/2025;09:50:59.000;68.67;
20/11/2025;09:51:04.000;68.37;
20/11/2025;09:51:09.000;68.16;
20/11/2025;09:51:14.000;67.91;
20/11/2025;09:51:19.000;67.63;
20/11/2025;09:51:24.000;67.45;
20/11/2025;09:51:29.000;67.38;
20/11/2025;09:51:34.000;67.36;
20/11/2025;09:51:39.000;67.29;
20/11/2025;09:51:44.000;67.13;
20/11/2025;09:51:49.000;67.01;
20/11/2025;09:51:54.000;66.82;
20/11/2025;09:51:59.000;66.64;
20/11/2025;09:52:04.000;66.43;
20/11/2025;09:52:09.000;66.30;
20/11/2025;09:52:14.000;66.23;
20/11/2025;09:52:19.000;66.13;
20/11/2025;09:52:24.000;65.99;
20/11/2025;09:52:29.000;65.90;
20/11/2025;09:52:34.000;65.76;
20/11/2025;09:52:39.000;65.61;
20/11/2025;09:52:44.000;65.46;
20/11/2025;09:52:49.000;65.30;
20/11/2025;09:52:54.000;65.17;
20/11/2025;09:52:59.000;65.03;
20/11/2025;09:53:04.000;64.89;
20/11/2025;09:53:09.000;64.77;
20/11/2025;09:53:14.000;64.68;
20/11/2025;09:53:19.000;64.63;
20/11/2025;09:53:24.000;64.61;
20/11/2025;09:53:29.000;64.59;
20/11/2025;09:53:34.000;64.56;
20/11/2025;09:53:39.000;64.54;
20/11/2025;09:53:44.000;64.49;
20/11/2025;09:53:49.000;64.45;
20/11/2025;09:53:54.000;64.40;
20/11/2025;09:53:59.000;64.34;
20/11/2025;09:54:04.000;64.27;
20/11/2025;09:54:09.000;64.24;
20/11/2025;09:54:14.000;64.22;
20/11/2025;09:54:19.000;64.19;
20/11/2025;09:54:24.000;64.20;
20/11/2025;09:54:29.000;64.24;
20/11/2025;09:54:34.000;64.33;
20/11/2025;09:54:39.000;64.38;
20/11/2025;09:54:44.000;64.43;
20/11/2025;09:54:49.000;64.50;
20/11/2025;09:54:54.000;64.57;
20/11/2025;09:54:59.000;64.61;
20/11/2025;09:55:04.000;64.68;
20/11/2025;09:55:09.000;64.77;
20/11/2025;09:55:14.000;64.82;
20/11/2025;09:55:19.000;64.86;
20/11/2025;09:55:24.000;64.87;
20/11/2025;09:55:29.000;64.91;
20/11/2025;09:55:34.000;64.86;
20/11/2025;09:55:39.000;64.82;
20/11/2025;09:55:44.000;64.84;
20/11/2025;09:55:49.000;64.89;
20/11/2025;09:55:54.000;64.96;
20/11/2025;09:55:59.000;64.98;
20/11/2025;09:56:04.000;65.00;
20/11/2025;09:56:09.000;65.00;
20/11/2025;09:56:14.000;64.98;
20/11/2025;09:56:19.000;64.91;
20/11/2025;09:56:24.000;64.82;
20/11/2025;09:56:29.000;64.79;
20/11/2025;09:56:34.000;64.75;
20/11/2025;09:56:39.000;64.79;
20/11/2025;09:56:44.000;64.84;
20/11/2025;09:56:49.000;64.86;
20/11/2025;09:56:54.000;64.91;
20/11/2025;09:56:59.000;64.94;
20/11/2025;09:57:04.000;64.98;
20/11/2025;09:57:09.000;65.03;
20/11/2025;09:57:14.000;64.98;
20/11/2025;09:57:19.000;64.91;
20/11/2025;09:57:24.000;64.87;
20/11/2025;09:57:29.000;64.84;
20/11/2025;09:57:34.000;64.84;
20/11/2025;09:57:39.000;64.84;
20/11/2025;09:57:44.000;64.82;
20/11/2025;09:57:49.000;64.79;
20/11/2025;09:57:54.000;64.73;
20/11/2025;09:57:59.000;64.68;
20/11/2025;09:58:04.000;64.61;
20/11/2025;09:58:09.000;64.57;
20/11/2025;09:58:14.000;64.52;
20/11/2025;09:58:19.000;64.47;
20/11/2025;09:58:24.000;64.43;
20/11/2025;09:58:29.000;64.40;
20/11/2025;09:58:34.000;64.36;
20/11/2025;09:58:39.000;64.34;
20/11/2025;09:58:44.000;64.31;
20/11/2025;09:58:49.000;64.27;
20/11/2025;09:58:54.000;64.22;
20/11/2025;09:58:59.000;64.17;
20/11/2025;09:59:04.000;64.12;
20/11/2025;09:59:09.000;64.06;
20/11/2025;09:59:14.000;63.99;
20/11/2025;09:59:19.000;63.92;
20/11/2025;09:59:24.000;63.94;
20/11/2025;09:59:29.000;63.90;
20/11/2025;09:59:34.000;63.85;
20/11/2025;09:59:39.000;63.85;
20/11/2025;09:59:44.000;63.83;
20/11/2025;09:59:49.000;63.83;
20/11/2025;09:59:54.000;63.82;
20/11/2025;09:59:59.000;63.80;
20/11/2025;10:00:04.000;63.76;
20/11/2025;10:00:09.000;63.73;
20/11/2025;10:00:14.000;63.67;
20/11/2025;10:00:19.000;63.62;
20/11/2025;10:00:24.000;63.60;
20/11/2025;10:00:29.000;63.59;
20/11/2025;10:00:34.000;63.57;
20/11/2025;10:00:39.000;63.55;
20/11/2025;10:00:44.000;63.53;
20/11/2025;10:00:49.000;63.52;
20/11/2025;10:00:54.000;63.46;
20/11/2025;10:00:59.000;63.37;
20/11/2025;10:01:04.000;62.93;
20/11/2025;10:01:09.000;62.51;
20/11/2025;10:01:14.000;62.21;
20/11/2025;10:01:19.000;62.09;
20/11/2025;10:01:24.000;62.05;
20/11/2025;10:01:29.000;62.07;
20/11/2025;10:01:34.000;62.11;
20/11/2025;10:01:39.000;62.14;
20/11/2025;10:01:44.000;62.18;
20/11/2025;10:01:49.000;62.21;
20/11/2025;10:01:54.000;62.21;
20/11/2025;10:01:59.000;62.16;
20/11/2025;10:02:04.000;62.09;
20/11/2025;10:02:09.000;62.02;
20/11/2025;10:02:14.000;61.91;
20/11/2025;10:02:19.000;61.81;
20/11/2025;10:02:24.000;61.67;
20/11/2025;10:02:29.000;61.58;
20/11/2025;10:02:34.000;61.44;
20/11/2025;10:02:39.000;61.33;
20/11/2025;10:02:44.000;61.23;
20/11/2025;10:02:49.000;61.05;
20/11/2025;10:02:54.000;60.86;
20/11/2025;10:02:59.000;60.77;
20/11/2025;10:03:04.000;60.77;
20/11/2025;10:03:09.000;60.75;
20/11/2025;10:03:14.000;60.70;
20/11/2025;10:03:19.000;60.68;
20/11/2025;10:03:24.000;60.63;
20/11/2025;10:03:29.000;60.54;
20/11/2025;10:03:34.000;60.40;
20/11/2025;10:03:39.000;60.30;
20/11/2025;10:03:44.000;60.21;
20/11/2025;10:03:49.000;60.09;
20/11/2025;10:03:54.000;60.03;
20/11/2025;10:03:59.000;60.01;
20/11/2025;10:04:04.000;60.00;
20/11/2025;10:04:09.000;59.72;
20/11/2025;10:04:14.000;59.38;
20/11/2025;10:04:19.000;59.10;
20/11/2025;10:04:24.000;58.89;
20/11/2025;10:04:29.000;58.70;
20/11/2025;10:04:34.000;58.56;
20/11/2025;10:04:39.000;58.51;
20/11/2025;10:04:44.000;58.36;
20/11/2025;10:04:49.000;58.22;
20/11/2025;10:04:54.000;58.10;
20/11/2025;10:04:59.000;58.01;
20/11/2025;10:05:04.000;57.94;
20/11/2025;10:05:09.000;57.80;
20/11/2025;10:05:14.000;57.58;
20/11/2025;10:05:19.000;57.16;
20/11/2025;10:05:24.000;56.70;
20/11/2025;10:05:29.000;56.21;
20/11/2025;10:05:34.000;55.82;
20/11/2025;10:05:39.000;55.65;
20/11/2025;10:05:44.000;55.56;
20/11/2025;10:05:49.000;55.46;
20/11/2025;10:05:54.000;55.23;
20/11/2025;10:05:59.000;55.00;
20/11/2025;10:06:04.000;54.08;
20/11/2025;10:06:09.000;51.20;
20/11/2025;10:06:14.000;48.44;
20/11/2025;10:06:19.000;46.71;
20/11/2025;10:06:24.000;45.44;
20/11/2025;10:06:29.000;44.61;
20/11/2025;10:06:34.000;44.02;
20/11/2025;10:06:39.000;43.06;
20/11/2025;10:06:44.000;42.11;
20/11/2025;10:06:49.000;41.37;
20/11/2025;10:06:54.000;39.75;
20/11/2025;10:06:59.000;38.73;
20/11/2025;10:07:04.000;37.64;
20/11/2025;10:07:09.000;35.21;
20/11/2025;10:07:14.000;33.07;
20/11/2025;10:07:19.000;31.33;
20/11/2025;10:07:24.000;30.91;
20/11/2025;10:07:29.000;30.32;
20/11/2025;10:07:34.000;29.79;
20/11/2025;10:07:39.000;29.47;
20/11/2025;10:07:44.000;28.92;
20/11/2025;10:07:49.000;27.57;
20/11/2025;10:07:54.000;26.02;
20/11/2025;10:07:59.000;25.11;
20/11/2025;10:08:04.000;24.67;
20/11/2025;10:08:09.000;24.24;
20/11/2025;10:08:14.000;24.38;
20/11/2025;10:08:19.000;25.10;
20/11/2025;10:08:24.000;27.14;
20/11/2025;10:08:29.000;28.80;
20/11/2025;10:08:34.000;29.14;
20/11/2025;10:08:39.000;28.78;
20/11/2025;10:08:44.000;28.53;
20/11/2025;10:08:49.000;28.20;
20/11/2025;10:08:54.000;27.91;
20/11/2025;10:08:59.000;27.60;
20/11/2025;10:09:04.000;27.37;
20/11/2025;10:09:09.000;27.13;
20/11/2025;10:09:14.000;26.90;
날짜;Hour;pv144552(File 4) 1- Temperature(°C);pv144552(File 4) 2- Fo(분);
20/11/2025;08:36:34.000;22.65;;
20/11/2025;08:36:39.000;22.58;;
20/11/2025;08:36:44.000;22.53;;
20/11/2025;08:36:49.000;22.49;;
20/11/2025;08:36:54.000;22.48;;
20/11/2025;08:36:59.000;23.75;;
20/11/2025;08:37:04.000;24.27;;
20/11/2025;08:37:09.000;24.69;;
20/11/2025;08:37:14.000;25.10;;
20/11/2025;08:37:19.000;24.95;;
20/11/2025;08:37:24.000;24.83;;
20/11/2025;08:37:29.000;24.73;;
20/11/2025;08:37:34.000;24.66;;
20/11/2025;08:37:39.000;24.61;;
20/11/2025;08:37:44.000;24.56;;
20/11/2025;08:37:49.000;24.52;;
20/11/2025;08:37:54.000;24.47;;
20/11/2025;08:37:59.000;24.44;;
20/11/2025;08:38:04.000;24.39;;
20/11/2025;08:38:09.000;24.35;;
20/11/2025;08:38:14.000;24.32;;
20/11/2025;08:38:19.000;24.27;;
20/11/2025;08:38:24.000;24.23;;
20/11/2025;08:38:29.000;24.22;;
20/11/2025;08:38:34.000;24.18;;
20/11/2025;08:38:39.000;24.15;;
20/11/2025;08:38:44.000;24.11;;
20/11/2025;08:38:49.000;24.08;;
20/11/2025;08:38:54.000;24.06;;
20/11/2025;08:38:59.000;24.03;;
20/11/2025;08:39:04.000;24.01;;
20/11/2025;08:39:09.000;23.96;;
20/11/2025;08:39:14.000;23.94;;
20/11/2025;08:39:19.000;23.92;;
20/11/2025;08:39:24.000;23.89;;
20/11/2025;08:39:29.000;23.86;;
20/11/2025;08:39:34.000;23.81;;
20/11/2025;08:39:39.000;23.77;;
20/11/2025;08:39:44.000;23.77;;
20/11/2025;08:39:49.000;23.75;;
20/11/2025;08:39:54.000;23.75;;
20/11/2025;08:39:59.000;23.74;;
20/11/2025;08:40:04.000;23.70;;
20/11/2025;08:40:09.000;23.69;;
20/11/2025;08:40:14.000;23.69;;
20/11/2025;08:40:19.000;23.67;;
20/11/2025;08:40:24.000;23.67;;
20/11/2025;08:40:29.000;23.65;;
20/11/2025;08:40:34.000;23.65;;
20/11/2025;08:40:39.000;23.62;;
20/11/2025;08:40:44.000;23.60;;
20/11/2025;08:40:49.000;23.58;;
20/11/2025;08:40:54.000;23.55;;
20/11/2025;08:40:59.000;23.53;;
20/11/2025;08:41:04.000;23.53;;
20/11/2025;08:41:09.000;23.52;;
20/11/2025;08:41:14.000;23.50;;
20/11/2025;08:41:19.000;23.50;;
20/11/2025;08:41:24.000;23.50;;
20/11/2025;08:41:29.000;23.50;;
20/11/2025;08:41:34.000;23.48;;
20/11/2025;08:41:39.000;23.48;;
20/11/2025;08:41:44.000;23.48;;
20/11/2025;08:41:49.000;23.46;;
20/11/2025;08:41:54.000;23.45;;
20/11/2025;08:41:59.000;23.41;;
20/11/2025;08:42:04.000;23.40;;
20/11/2025;08:42:09.000;23.40;;
20/11/2025;08:42:14.000;23.40;;
20/11/2025;08:42:19.000;23.38;;
20/11/2025;08:42:24.000;23.38;;
20/11/2025;08:42:29.000;23.36;;
20/11/2025;08:42:34.000;23.36;;
20/11/2025;08:42:39.000;23.36;;
20/11/2025;08:42:44.000;23.34;;
20/11/2025;08:42:49.000;23.34;;
20/11/2025;08:42:54.000;23.33;;
20/11/2025;08:42:59.000;23.33;;
20/11/2025;08:43:04.000;23.33;;
20/11/2025;08:43:09.000;23.31;;
20/11/2025;08:43:14.000;23.31;;
20/11/2025;08:43:19.000;23.31;;
20/11/2025;08:43:24.000;23.29;;
20/11/2025;08:43:29.000;23.28;;
20/11/2025;08:43:34.000;23.28;;
20/11/2025;08:43:39.000;23.26;;
20/11/2025;08:43:44.000;23.26;;
20/11/2025;08:43:49.000;23.26;;
20/11/2025;08:43:54.000;23.24;;
20/11/2025;08:43:59.000;23.24;;
20/11/2025;08:44:04.000;23.24;;
20/11/2025;08:44:09.000;23.26;;
20/11/2025;08:44:14.000;23.23;;
20/11/2025;08:44:19.000;23.23;;
20/11/2025;08:44:24.000;23.21;;
20/11/2025;08:44:29.000;23.21;;
20/11/2025;08:44:34.000;23.21;;
20/11/2025;08:44:39.000;23.21;;
20/11/2025;08:44:44.000;23.21;;
20/11/2025;08:44:49.000;23.19;;
20/11/2025;08:44:54.000;23.17;;
20/11/2025;08:44:59.000;23.17;;
20/11/2025;08:45:04.000;23.16;;
20/11/2025;08:45:09.000;23.16;;
20/11/2025;08:45:14.000;23.16;;
20/11/2025;08:45:19.000;23.16;;
20/11/2025;08:45:24.000;23.16;;
20/11/2025;08:45:29.000;23.14;;
20/11/2025;08:45:34.000;23.14;;
20/11/2025;08:45:39.000;23.16;;
20/11/2025;08:45:44.000;23.16;;
20/11/2025;08:45:49.000;23.16;;
20/11/2025;08:45:54.000;23.16;;
20/11/2025;08:45:59.000;23.16;;
20/11/2025;08:46:04.000;23.16;;
20/11/2025;08:46:09.000;23.14;;
20/11/2025;08:46:14.000;23.14;;
20/11/2025;08:46:19.000;23.14;;
20/11/2025;08:46:24.000;23.14;;
20/11/2025;08:46:29.000;23.14;;
20/11/2025;08:46:34.000;23.14;;
20/11/2025;08:46:39.000;23.12;;
20/11/2025;08:46:44.000;23.12;;
20/11/2025;08:46:49.000;23.12;;
20/11/2025;08:46:54.000;23.12;;
20/11/2025;08:46:59.000;23.12;;
20/11/2025;08:47:04.000;23.12;;
20/11/2025;08:47:09.000;23.11;;
20/11/2025;08:47:14.000;23.11;;
20/11/2025;08:47:19.000;23.11;;
20/11/2025;08:47:24.000;23.11;;
20/11/2025;08:47:29.000;23.11;;
20/11/2025;08:47:34.000;23.12;;
20/11/2025;08:47:39.000;23.12;;
20/11/2025;08:47:44.000;23.11;;
20/11/2025;08:47:49.000;23.11;;
20/11/2025;08:47:54.000;23.11;;
20/11/2025;08:47:59.000;23.11;;
20/11/2025;08:48:04.000;23.11;;
20/11/2025;08:48:09.000;23.11;;
20/11/2025;08:48:14.000;23.11;;
20/11/2025;08:48:19.000;23.11;;
20/11/2025;08:48:24.000;23.11;;
20/11/2025;08:48:29.000;23.11;;
20/11/2025;08:48:34.000;23.12;;
20/11/2025;08:48:39.000;23.12;;
20/11/2025;08:48:44.000;23.12;;
20/11/2025;08:48:49.000;23.14;;
20/11/2025;08:48:54.000;23.12;;
20/11/2025;08:48:59.000;23.12;;
20/11/2025;08:49:04.000;23.12;;
20/11/2025;08:49:09.000;23.12;;
20/11/2025;08:49:14.000;23.12;;
20/11/2025;08:49:19.000;23.12;;
20/11/2025;08:49:24.000;23.12;;
20/11/2025;08:49:29.000;23.12;;
20/11/2025;08:49:34.000;23.12;;
20/11/2025;08:49:39.000;23.12;;
20/11/2025;08:49:44.000;23.12;;
20/11/2025;08:49:49.000;23.12;;
20/11/2025;08:49:54.000;23.12;;
20/11/2025;08:49:59.000;23.14;;
20/11/2025;08:50:04.000;23.14;;
20/11/2025;08:50:09.000;23.14;;
20/11/2025;08:50:14.000;23.14;;
20/11/2025;08:50:19.000;23.14;;
20/11/2025;08:50:24.000;23.12;;
20/11/2025;08:50:29.000;23.12;;
20/11/2025;08:50:34.000;23.12;;
20/11/2025;08:50:39.000;23.12;;
20/11/2025;08:50:44.000;23.12;;
20/11/2025;08:50:49.000;23.12;;
20/11/2025;08:50:54.000;23.12;;
20/11/2025;08:50:59.000;23.14;;
20/11/2025;08:51:04.000;23.14;;
20/11/2025;08:51:09.000;23.16;;
20/11/2025;08:51:14.000;23.16;;
20/11/2025;08:51:19.000;23.16;;
20/11/2025;08:51:24.000;23.16;;
20/11/2025;08:51:29.000;23.16;;
20/11/2025;08:51:34.000;23.16;;
20/11/2025;08:51:39.000;23.14;;
20/11/2025;08:51:44.000;23.16;;
20/11/2025;08:51:49.000;23.14;;
20/11/2025;08:51:54.000;23.12;;
20/11/2025;08:51:59.000;23.92;;
20/11/2025;08:52:04.000;48.93;;
20/11/2025;08:52:09.000;50.58;;
20/11/2025;08:52:14.000;50.65;;
20/11/2025;08:52:19.000;50.08;;
20/11/2025;08:52:24.000;50.06;;
20/11/2025;08:52:29.000;49.94;;
20/11/2025;08:52:34.000;49.87;;
20/11/2025;08:52:39.000;49.80;;
20/11/2025;08:52:44.000;49.68;;
20/11/2025;08:52:49.000;50.03;;
20/11/2025;08:52:54.000;49.90;;
20/11/2025;08:52:59.000;50.06;;
20/11/2025;08:53:04.000;49.99;;
20/11/2025;08:53:09.000;50.20;;
20/11/2025;08:53:14.000;50.06;;
20/11/2025;08:53:19.000;50.08;;
20/11/2025;08:53:24.000;49.83;;
20/11/2025;08:53:29.000;49.89;;
20/11/2025;08:53:34.000;50.01;;
20/11/2025;08:53:39.000;50.24;;
20/11/2025;08:53:44.000;50.29;;
20/11/2025;08:53:49.000;50.20;;
20/11/2025;08:53:54.000;50.10;;
20/11/2025;08:53:59.000;50.41;;
20/11/2025;08:54:04.000;50.55;;
20/11/2025;08:54:09.000;50.34;;
20/11/2025;08:54:14.000;50.46;;
20/11/2025;08:54:19.000;50.44;;
20/11/2025;08:54:24.000;50.43;;
20/11/2025;08:54:29.000;50.53;;
20/11/2025;08:54:34.000;50.60;;
20/11/2025;08:54:39.000;50.67;;
20/11/2025;08:54:44.000;50.81;;
20/11/2025;08:54:49.000;51.04;;
20/11/2025;08:54:54.000;51.41;;
20/11/2025;08:54:59.000;51.84;;
20/11/2025;08:55:04.000;52.32;;
20/11/2025;08:55:09.000;52.82;;
20/11/2025;08:55:14.000;53.30;;
20/11/2025;08:55:19.000;53.66;;
20/11/2025;08:55:24.000;54.01;;
20/11/2025;08:55:29.000;54.38;;
20/11/2025;08:55:34.000;54.75;;
20/11/2025;08:55:39.000;55.12;;
20/11/2025;08:55:44.000;55.54;;
20/11/2025;08:55:49.000;55.96;;
20/11/2025;08:55:54.000;56.42;;
20/11/2025;08:55:59.000;56.86;;
20/11/2025;08:56:04.000;57.28;;
20/11/2025;08:56:09.000;57.73;;
20/11/2025;08:56:14.000;58.17;;
20/11/2025;08:56:19.000;58.61;;
20/11/2025;08:56:24.000;59.02;;
20/11/2025;08:56:29.000;59.42;;
20/11/2025;08:56:34.000;59.86;;
20/11/2025;08:56:39.000;60.27;;
20/11/2025;08:56:44.000;60.67;;
20/11/2025;08:56:49.000;61.06;;
20/11/2025;08:56:54.000;61.45;;
20/11/2025;08:56:59.000;61.82;;
20/11/2025;08:57:04.000;62.17;;
20/11/2025;08:57:09.000;62.49;;
20/11/2025;08:57:14.000;62.79;;
20/11/2025;08:57:19.000;63.11;0.08;
20/11/2025;08:57:24.000;63.43;0.17;
20/11/2025;08:57:29.000;63.75;0.26;
20/11/2025;08:57:34.000;64.06;0.36;
20/11/2025;08:57:39.000;64.38;0.47;
20/11/2025;08:57:44.000;64.68;0.58;
20/11/2025;08:57:49.000;64.98;0.71;
20/11/2025;08:57:54.000;65.28;0.83;
20/11/2025;08:57:59.000;65.57;0.97;
20/11/2025;08:58:04.000;65.85;1.11;
20/11/2025;08:58:09.000;66.12;1.27;
20/11/2025;08:58:14.000;66.36;1.43;
20/11/2025;08:58:19.000;66.61;1.59;
20/11/2025;08:58:24.000;66.84;1.77;
20/11/2025;08:58:29.000;67.07;1.96;
20/11/2025;08:58:34.000;67.30;2.15;
20/11/2025;08:58:39.000;67.52;2.35;
20/11/2025;08:58:44.000;67.71;2.57;
20/11/2025;08:58:49.000;67.91;2.79;
20/11/2025;08:58:54.000;68.08;3.01;
20/11/2025;08:58:59.000;68.24;3.25;
20/11/2025;08:59:04.000;68.39;3.50;
20/11/2025;08:59:09.000;68.51;3.75;
20/11/2025;08:59:14.000;68.63;4.00;
20/11/2025;08:59:19.000;68.74;4.27;
20/11/2025;08:59:24.000;68.85;4.53;
20/11/2025;08:59:29.000;68.94;4.81;
20/11/2025;08:59:34.000;69.04;5.09;
20/11/2025;08:59:39.000;69.13;5.37;
20/11/2025;08:59:44.000;69.20;5.66;
20/11/2025;08:59:49.000;69.29;5.96;
20/11/2025;08:59:54.000;69.36;6.26;
20/11/2025;08:59:59.000;69.43;6.56;
20/11/2025;09:00:04.000;69.49;6.87;
20/11/2025;09:00:09.000;69.54;7.18;
20/11/2025;09:00:14.000;69.58;7.49;
20/11/2025;09:00:19.000;69.63;7.81;
20/11/2025;09:00:24.000;69.66;8.13;
20/11/2025;09:00:29.000;69.70;8.45;
20/11/2025;09:00:34.000;69.72;8.77;
20/11/2025;09:00:39.000;69.74;9.09;
20/11/2025;09:00:44.000;69.75;9.42;
20/11/2025;09:00:49.000;69.75;9.75;
20/11/2025;09:00:54.000;69.75;10.07;
20/11/2025;09:00:59.000;69.74;10.40;
20/11/2025;09:01:04.000;69.74;10.72;
20/11/2025;09:01:09.000;69.72;11.05;
20/11/2025;09:01:14.000;69.70;11.37;
20/11/2025;09:01:19.000;69.68;11.69;
20/11/2025;09:01:24.000;69.65;12.01;
20/11/2025;09:01:29.000;69.63;12.33;
20/11/2025;09:01:34.000;69.59;12.65;
20/11/2025;09:01:39.000;69.56;12.96;
20/11/2025;09:01:44.000;69.52;13.27;
20/11/2025;09:01:49.000;69.49;13.58;
20/11/2025;09:01:54.000;69.47;13.89;
20/11/2025;09:01:59.000;69.43;14.20;
20/11/2025;09:02:04.000;69.42;14.50;
20/11/2025;09:02:09.000;69.38;14.81;
20/11/2025;09:02:14.000;69.34;15.11;
20/11/2025;09:02:19.000;69.33;15.41;
20/11/2025;09:02:24.000;69.29;15.71;
20/11/2025;09:02:29.000;69.26;16.00;
20/11/2025;09:02:34.000;69.24;16.30;
20/11/2025;09:02:39.000;69.20;16.59;
20/11/2025;09:02:44.000;69.17;16.88;
20/11/2025;09:02:49.000;69.15;17.17;
20/11/2025;09:02:54.000;69.11;17.46;
20/11/2025;09:02:59.000;69.08;17.74;
20/11/2025;09:03:04.000;69.06;18.03;
20/11/2025;09:03:09.000;69.02;18.31;
20/11/2025;09:03:14.000;69.01;18.59;
20/11/2025;09:03:19.000;68.97;18.87;
20/11/2025;09:03:24.000;68.94;19.15;
20/11/2025;09:03:29.000;68.92;19.42;
20/11/2025;09:03:34.000;68.88;19.70;
20/11/2025;09:03:39.000;68.87;19.97;
20/11/2025;09:03:44.000;68.83;20.24;
20/11/2025;09:03:49.000;68.81;20.51;
20/11/2025;09:03:54.000;68.78;20.78;
20/11/2025;09:03:59.000;68.76;21.05;
20/11/2025;09:04:04.000;68.72;21.31;
20/11/2025;09:04:09.000;68.71;21.58;
20/11/2025;09:04:14.000;68.67;21.84;
20/11/2025;09:04:19.000;68.65;22.10;
20/11/2025;09:04:24.000;68.62;22.36;
20/11/2025;09:04:29.000;68.60;22.62;
20/11/2025;09:04:34.000;68.56;22.88;
20/11/2025;09:04:39.000;68.55;23.13;
20/11/2025;09:04:44.000;68.53;23.39;
20/11/2025;09:04:49.000;68.49;23.64;
20/11/2025;09:04:54.000;68.47;23.89;
20/11/2025;09:04:59.000;68.46;24.14;
20/11/2025;09:05:04.000;68.42;24.39;
20/11/2025;09:05:09.000;68.40;24.64;
20/11/2025;09:05:14.000;68.37;24.89;
20/11/2025;09:05:19.000;68.35;25.14;
20/11/2025;09:05:24.000;68.33;25.38;
20/11/2025;09:05:29.000;68.30;25.63;
20/11/2025;09:05:34.000;68.28;25.87;
20/11/2025;09:05:39.000;68.26;26.11;
20/11/2025;09:05:44.000;68.24;26.35;
20/11/2025;09:05:49.000;68.21;26.59;
20/11/2025;09:05:54.000;68.19;26.83;
20/11/2025;09:05:59.000;68.17;27.07;
20/11/2025;09:06:04.000;68.14;27.30;
20/11/2025;09:06:09.000;68.12;27.54;
20/11/2025;09:06:14.000;68.10;27.77;
20/11/2025;09:06:19.000;68.08;28.00;
20/11/2025;09:06:24.000;68.07;28.24;
20/11/2025;09:06:29.000;68.03;28.47;
20/11/2025;09:06:34.000;68.01;28.70;
20/11/2025;09:06:39.000;68.00;28.93;
20/11/2025;09:06:44.000;67.98;29.15;
20/11/2025;09:06:49.000;67.96;29.38;
20/11/2025;09:06:54.000;67.94;29.61;
20/11/2025;09:06:59.000;67.92;29.83;
20/11/2025;09:07:04.000;67.89;30.06;
20/11/2025;09:07:09.000;67.87;30.28;
20/11/2025;09:07:14.000;67.85;30.50;
20/11/2025;09:07:19.000;67.84;30.73;
20/11/2025;09:07:24.000;67.82;30.95;
20/11/2025;09:07:29.000;67.80;31.17;
20/11/2025;09:07:34.000;67.78;31.39;
20/11/2025;09:07:39.000;67.76;31.60;
20/11/2025;09:07:44.000;67.75;31.82;
20/11/2025;09:07:49.000;67.71;32.04;
20/11/2025;09:07:54.000;67.69;32.25;
20/11/2025;09:07:59.000;67.68;32.47;
20/11/2025;09:08:04.000;67.66;32.68;
20/11/2025;09:08:09.000;67.64;32.90;
20/11/2025;09:08:14.000;67.62;33.11;
20/11/2025;09:08:19.000;67.61;33.32;
20/11/2025;09:08:24.000;67.59;33.53;
20/11/2025;09:08:29.000;67.57;33.74;
20/11/2025;09:08:34.000;67.55;33.95;
20/11/2025;09:08:39.000;67.53;34.16;
20/11/2025;09:08:44.000;67.52;34.37;
20/11/2025;09:08:49.000;67.48;34.57;
20/11/2025;09:08:54.000;67.46;34.78;
20/11/2025;09:08:59.000;67.45;34.98;
20/11/2025;09:09:04.000;67.43;35.19;
20/11/2025;09:09:09.000;67.41;35.39;
20/11/2025;09:09:14.000;67.41;35.59;
20/11/2025;09:09:19.000;67.37;35.80;
20/11/2025;09:09:24.000;67.36;36.00;
20/11/2025;09:09:29.000;67.34;36.20;
20/11/2025;09:09:34.000;67.32;36.40;
20/11/2025;09:09:39.000;67.30;36.60;
20/11/2025;09:09:44.000;67.29;36.80;
20/11/2025;09:09:49.000;67.27;36.99;
20/11/2025;09:09:54.000;67.25;37.19;
20/11/2025;09:09:59.000;67.23;37.39;
20/11/2025;09:10:04.000;67.22;37.58;
20/11/2025;09:10:09.000;67.20;37.78;
20/11/2025;09:10:14.000;67.18;37.97;
20/11/2025;09:10:19.000;67.16;38.16;
20/11/2025;09:10:24.000;67.14;38.36;
20/11/2025;09:10:29.000;67.13;38.55;
20/11/2025;09:10:34.000;67.13;38.74;
20/11/2025;09:10:39.000;67.11;38.93;
20/11/2025;09:10:44.000;67.09;39.12;
20/11/2025;09:10:49.000;67.07;39.31;
20/11/2025;09:10:54.000;67.06;39.50;
20/11/2025;09:10:59.000;67.04;39.69;
20/11/2025;09:11:04.000;67.02;39.88;
20/11/2025;09:11:09.000;67.00;40.07;
20/11/2025;09:11:14.000;66.98;40.25;
20/11/2025;09:11:19.000;66.97;40.44;
20/11/2025;09:11:24.000;66.95;40.62;
20/11/2025;09:11:29.000;66.93;40.81;
20/11/2025;09:11:34.000;66.91;40.99;
20/11/2025;09:11:39.000;66.90;41.18;
20/11/2025;09:11:44.000;66.88;41.36;
20/11/2025;09:11:49.000;66.86;41.54;
20/11/2025;09:11:54.000;66.84;41.72;
20/11/2025;09:11:59.000;66.83;41.90;
20/11/2025;09:12:04.000;66.81;42.08;
20/11/2025;09:12:09.000;66.79;42.26;
20/11/2025;09:12:14.000;66.77;42.44;
20/11/2025;09:12:19.000;66.75;42.62;
20/11/2025;09:12:24.000;66.74;42.80;
20/11/2025;09:12:29.000;66.72;42.98;
20/11/2025;09:12:34.000;66.70;43.15;
20/11/2025;09:12:39.000;66.68;43.33;
20/11/2025;09:12:44.000;66.67;43.50;
20/11/2025;09:12:49.000;66.65;43.68;
20/11/2025;09:12:54.000;66.63;43.85;
20/11/2025;09:12:59.000;66.61;44.02;
20/11/2025;09:13:04.000;66.59;44.20;
20/11/2025;09:13:09.000;66.58;44.37;
20/11/2025;09:13:14.000;66.56;44.54;
20/11/2025;09:13:19.000;66.54;44.71;
20/11/2025;09:13:24.000;66.52;44.88;
20/11/2025;09:13:29.000;66.51;45.05;
20/11/2025;09:13:34.000;66.49;45.22;
20/11/2025;09:13:39.000;66.47;45.39;
20/11/2025;09:13:44.000;66.45;45.55;
20/11/2025;09:13:49.000;66.44;45.72;
20/11/2025;09:13:54.000;66.44;45.89;
20/11/2025;09:13:59.000;66.42;46.06;
20/11/2025;09:14:04.000;66.40;46.22;
20/11/2025;09:14:09.000;66.38;46.39;
20/11/2025;09:14:14.000;66.36;46.55;
20/11/2025;09:14:19.000;66.35;46.72;
20/11/2025;09:14:24.000;66.33;46.88;
20/11/2025;09:14:29.000;66.29;47.04;
20/11/2025;09:14:34.000;66.28;47.20;
20/11/2025;09:14:39.000;66.24;47.36;
20/11/2025;09:14:44.000;66.22;47.52;
20/11/2025;09:14:49.000;66.21;47.68;
20/11/2025;09:14:54.000;66.17;47.84;
20/11/2025;09:14:59.000;66.15;48.00;
20/11/2025;09:15:04.000;66.13;48.16;
20/11/2025;09:15:09.000;66.12;48.31;
20/11/2025;09:15:14.000;66.10;48.47;
20/11/2025;09:15:19.000;66.08;48.63;
20/11/2025;09:15:24.000;66.05;48.78;
20/11/2025;09:15:29.000;66.03;48.93;
20/11/2025;09:15:34.000;66.01;49.09;
20/11/2025;09:15:39.000;65.99;49.24;
20/11/2025;09:15:44.000;65.97;49.39;
20/11/2025;09:15:49.000;65.96;49.54;
20/11/2025;09:15:54.000;65.92;49.70;
20/11/2025;09:15:59.000;65.90;49.85;
20/11/2025;09:16:04.000;65.89;50.00;
20/11/2025;09:16:09.000;65.87;50.14;
20/11/2025;09:16:14.000;65.85;50.29;
20/11/2025;09:16:19.000;65.82;50.44;
20/11/2025;09:16:24.000;65.80;50.59;
20/11/2025;09:16:29.000;65.78;50.73;
20/11/2025;09:16:34.000;65.76;50.88;
20/11/2025;09:16:39.000;65.74;51.02;
20/11/2025;09:16:44.000;65.73;51.17;
20/11/2025;09:16:49.000;65.71;51.31;
20/11/2025;09:16:54.000;65.67;51.46;
20/11/2025;09:16:59.000;65.66;51.60;
20/11/2025;09:17:04.000;65.74;51.74;
20/11/2025;09:17:09.000;64.98;51.88;
20/11/2025;09:17:14.000;65.05;52.00;
20/11/2025;09:17:19.000;65.71;52.14;
20/11/2025;09:17:24.000;65.94;52.29;
20/11/2025;09:17:29.000;66.28;52.44;
20/11/2025;09:17:34.000;66.38;52.61;
20/11/2025;09:17:39.000;66.01;52.76;
20/11/2025;09:17:44.000;65.64;52.91;
20/11/2025;09:17:49.000;65.50;53.05;
20/11/2025;09:17:54.000;65.44;53.19;
20/11/2025;09:17:59.000;65.80;53.33;
20/11/2025;09:18:04.000;66.93;53.50;
20/11/2025;09:18:09.000;66.13;53.67;
20/11/2025;09:18:14.000;39.77;53.69;
20/11/2025;09:18:19.000;27.19;;
20/11/2025;09:18:24.000;29.86;;
20/11/2025;09:18:29.000;30.45;;
20/11/2025;09:18:34.000;31.39;;
20/11/2025;09:18:39.000;31.79;;
20/11/2025;09:18:44.000;31.94;;
20/11/2025;09:18:49.000;32.13;;
20/11/2025;09:18:54.000;32.34;;
20/11/2025;09:18:59.000;32.51;;
20/11/2025;09:19:04.000;32.63;;
20/11/2025;09:19:09.000;32.23;;
20/11/2025;09:19:14.000;30.96;;
20/11/2025;09:19:19.000;28.97;;
20/11/2025;09:19:24.000;27.36;;
20/11/2025;09:19:29.000;48.98;;
20/11/2025;09:19:34.000;53.23;;
20/11/2025;09:19:39.000;53.02;;
20/11/2025;09:19:44.000;52.77;;
20/11/2025;09:19:49.000;52.75;;
20/11/2025;09:19:54.000;52.72;;
20/11/2025;09:19:59.000;52.70;;
20/11/2025;09:20:04.000;52.65;;
20/11/2025;09:20:09.000;52.26;;
20/11/2025;09:20:14.000;52.09;;
20/11/2025;09:20:19.000;52.37;;
20/11/2025;09:20:24.000;52.19;;
20/11/2025;09:20:29.000;51.93;;
20/11/2025;09:20:34.000;51.95;;
20/11/2025;09:20:39.000;52.07;;
20/11/2025;09:20:44.000;52.23;;
20/11/2025;09:20:49.000;52.32;;
20/11/2025;09:20:54.000;52.67;;
20/11/2025;09:20:59.000;52.98;;
20/11/2025;09:21:04.000;53.40;;
20/11/2025;09:21:09.000;53.79;;
20/11/2025;09:21:14.000;54.26;;
20/11/2025;09:21:19.000;54.70;;
20/11/2025;09:21:24.000;55.15;;
20/11/2025;09:21:29.000;55.56;;
20/11/2025;09:21:34.000;55.89;;
20/11/2025;09:21:39.000;56.21;;
20/11/2025;09:21:44.000;56.49;;
20/11/2025;09:21:49.000;56.75;;
20/11/2025;09:21:54.000;57.07;;
20/11/2025;09:21:59.000;57.38;;
20/11/2025;09:22:04.000;57.73;;
20/11/2025;09:22:09.000;58.09;;
20/11/2025;09:22:14.000;58.42;;
20/11/2025;09:22:19.000;58.81;;
20/11/2025;09:22:24.000;59.19;;
20/11/2025;09:22:29.000;59.60;;
20/11/2025;09:22:34.000;59.97;;
20/11/2025;09:22:39.000;60.34;;
20/11/2025;09:22:44.000;60.69;;
20/11/2025;09:22:49.000;61.08;;
20/11/2025;09:22:54.000;61.43;;
20/11/2025;09:22:59.000;61.80;;
20/11/2025;09:23:04.000;62.16;;
20/11/2025;09:23:09.000;62.44;;
20/11/2025;09:23:14.000;62.74;;
20/11/2025;09:23:19.000;63.07;53.78;
20/11/2025;09:23:24.000;63.37;53.86;
20/11/2025;09:23:29.000;63.71;53.96;
20/11/2025;09:23:34.000;63.98;54.06;
20/11/2025;09:23:39.000;64.24;54.16;
20/11/2025;09:23:44.000;64.52;54.27;
20/11/2025;09:23:49.000;64.82;54.39;
20/11/2025;09:23:54.000;65.13;54.51;
20/11/2025;09:23:59.000;65.39;54.64;
20/11/2025;09:24:04.000;65.69;54.78;
20/11/2025;09:24:09.000;65.96;54.93;
20/11/2025;09:24:14.000;66.19;55.08;
20/11/2025;09:24:19.000;66.44;55.25;
20/11/2025;09:24:24.000;66.68;55.42;
20/11/2025;09:24:29.000;66.90;55.60;
20/11/2025;09:24:34.000;67.13;55.78;
20/11/2025;09:24:39.000;67.36;55.98;
20/11/2025;09:24:44.000;67.55;56.19;
20/11/2025;09:24:49.000;67.75;56.40;
20/11/2025;09:24:54.000;67.94;56.62;
20/11/2025;09:24:59.000;68.12;56.85;
20/11/2025;09:25:04.000;68.28;57.09;
20/11/2025;09:25:09.000;68.42;57.33;
20/11/2025;09:25:14.000;68.56;57.59;
20/11/2025;09:25:19.000;68.69;57.85;
20/11/2025;09:25:24.000;68.81;58.11;
20/11/2025;09:25:29.000;68.90;58.39;
20/11/2025;09:25:34.000;68.99;58.66;
20/11/2025;09:25:39.000;69.08;58.94;
20/11/2025;09:25:44.000;69.17;59.23;
20/11/2025;09:25:49.000;69.26;59.52;
20/11/2025;09:25:54.000;69.34;59.82;
20/11/2025;09:25:59.000;69.43;60.12;
20/11/2025;09:26:04.000;69.49;60.43;
20/11/2025;09:26:09.000;69.56;60.74;
20/11/2025;09:26:14.000;69.61;61.06;
20/11/2025;09:26:19.000;69.66;61.38;
20/11/2025;09:26:24.000;69.72;61.70;
20/11/2025;09:26:29.000;69.75;62.02;
20/11/2025;09:26:34.000;69.79;62.35;
20/11/2025;09:26:39.000;69.81;62.68;
20/11/2025;09:26:44.000;69.84;63.01;
20/11/2025;09:26:49.000;69.86;63.34;
20/11/2025;09:26:54.000;69.88;63.68;
20/11/2025;09:26:59.000;69.88;64.01;
20/11/2025;09:27:04.000;69.88;64.34;
20/11/2025;09:27:09.000;69.88;64.68;
20/11/2025;09:27:14.000;69.88;65.01;
20/11/2025;09:27:19.000;69.86;65.35;
20/11/2025;09:27:24.000;69.84;65.68;
20/11/2025;09:27:29.000;69.82;66.01;
20/11/2025;09:27:34.000;69.81;66.34;
20/11/2025;09:27:39.000;69.77;66.67;
20/11/2025;09:27:44.000;69.75;66.99;
20/11/2025;09:27:49.000;69.72;67.32;
20/11/2025;09:27:54.000;69.68;67.64;
20/11/2025;09:27:59.000;69.65;67.96;
20/11/2025;09:28:04.000;69.59;68.28;
20/11/2025;09:28:09.000;69.56;68.59;
20/11/2025;09:28:14.000;69.50;68.91;
20/11/2025;09:28:19.000;69.47;69.21;
20/11/2025;09:28:24.000;69.43;69.52;
20/11/2025;09:28:29.000;69.40;69.83;
20/11/2025;09:28:34.000;69.34;70.13;
20/11/2025;09:28:39.000;69.31;70.43;
20/11/2025;09:28:44.000;69.27;70.72;
20/11/2025;09:28:49.000;69.24;71.02;
20/11/2025;09:28:54.000;69.20;71.31;
20/11/2025;09:28:59.000;69.17;71.60;
20/11/2025;09:29:04.000;69.13;71.89;
20/11/2025;09:29:09.000;69.10;72.18;
20/11/2025;09:29:14.000;69.06;72.46;
20/11/2025;09:29:19.000;69.02;72.74;
20/11/2025;09:29:24.000;68.99;73.02;
20/11/2025;09:29:29.000;68.95;73.30;
20/11/2025;09:29:34.000;68.94;73.58;
20/11/2025;09:29:39.000;68.90;73.85;
20/11/2025;09:29:44.000;68.87;74.13;
20/11/2025;09:29:49.000;68.85;74.40;
20/11/2025;09:29:54.000;68.81;74.67;
20/11/2025;09:29:59.000;68.78;74.94;
20/11/2025;09:30:04.000;68.76;75.21;
20/11/2025;09:30:09.000;68.72;75.47;
20/11/2025;09:30:14.000;68.71;75.74;
20/11/2025;09:30:19.000;68.67;76.00;
20/11/2025;09:30:24.000;68.65;76.26;
20/11/2025;09:30:29.000;68.62;76.52;
20/11/2025;09:30:34.000;68.60;76.78;
20/11/2025;09:30:39.000;68.58;77.04;
20/11/2025;09:30:44.000;68.55;77.29;
20/11/2025;09:30:49.000;68.53;77.55;
20/11/2025;09:30:54.000;68.49;77.80;
20/11/2025;09:30:59.000;68.47;78.05;
20/11/2025;09:31:04.000;68.46;78.31;
20/11/2025;09:31:09.000;68.44;78.56;
20/11/2025;09:31:14.000;68.40;78.81;
20/11/2025;09:31:19.000;68.39;79.05;
20/11/2025;09:31:24.000;68.37;79.30;
20/11/2025;09:31:29.000;68.35;79.55;
20/11/2025;09:31:34.000;68.33;79.79;
20/11/2025;09:31:39.000;68.30;80.04;
20/11/2025;09:31:44.000;68.28;80.28;
20/11/2025;09:31:49.000;68.26;80.52;
20/11/2025;09:31:54.000;68.24;80.76;
20/11/2025;09:31:59.000;68.23;81.00;
20/11/2025;09:32:04.000;68.19;81.24;
20/11/2025;09:32:09.000;68.17;81.48;
20/11/2025;09:32:14.000;68.16;81.71;
20/11/2025;09:32:19.000;68.14;81.95;
20/11/2025;09:32:24.000;68.12;82.18;
20/11/2025;09:32:29.000;68.10;82.42;
20/11/2025;09:32:34.000;68.08;82.65;
20/11/2025;09:32:39.000;68.07;82.88;
20/11/2025;09:32:44.000;68.03;83.11;
20/11/2025;09:32:49.000;68.01;83.34;
20/11/2025;09:32:54.000;68.00;83.57;
20/11/2025;09:32:59.000;68.00;83.80;
20/11/2025;09:33:04.000;67.98;84.03;
20/11/2025;09:33:09.000;67.96;84.26;
20/11/2025;09:33:14.000;67.94;84.48;
20/11/2025;09:33:19.000;67.92;84.71;
20/11/2025;09:33:24.000;67.91;84.93;
20/11/2025;09:33:29.000;67.89;85.16;
20/11/2025;09:33:34.000;67.87;85.38;
20/11/2025;09:33:39.000;67.85;85.60;
20/11/2025;09:33:44.000;67.84;85.83;
20/11/2025;09:33:49.000;67.82;86.05;
20/11/2025;09:33:54.000;67.80;86.27;
20/11/2025;09:33:59.000;67.78;86.49;
20/11/2025;09:34:04.000;67.76;86.70;
20/11/2025;09:34:09.000;67.75;86.92;
20/11/2025;09:34:14.000;67.73;87.14;
20/11/2025;09:34:19.000;67.73;87.36;
20/11/2025;09:34:24.000;67.71;87.57;
20/11/2025;09:34:29.000;67.69;87.79;
20/11/2025;09:34:34.000;67.68;88.00;
20/11/2025;09:34:39.000;67.66;88.22;
20/11/2025;09:34:44.000;67.64;88.43;
20/11/2025;09:34:49.000;67.62;88.64;
20/11/2025;09:34:54.000;67.62;88.85;
20/11/2025;09:34:59.000;67.61;89.06;
20/11/2025;09:35:04.000;67.59;89.28;
20/11/2025;09:35:09.000;67.57;89.49;
20/11/2025;09:35:14.000;67.55;89.69;
20/11/2025;09:35:19.000;67.53;89.90;
20/11/2025;09:35:24.000;67.52;90.11;
20/11/2025;09:35:29.000;67.52;90.32;
20/11/2025;09:35:34.000;67.50;90.53;
20/11/2025;09:35:39.000;67.48;90.73;
20/11/2025;09:35:44.000;67.46;90.94;
20/11/2025;09:35:49.000;67.45;91.14;
20/11/2025;09:35:54.000;67.43;91.35;
20/11/2025;09:35:59.000;67.41;91.55;
20/11/2025;09:36:04.000;67.39;91.75;
20/11/2025;09:36:09.000;67.37;91.95;
20/11/2025;09:36:14.000;67.36;92.16;
20/11/2025;09:36:19.000;67.34;92.36;
20/11/2025;09:36:24.000;67.34;92.56;
20/11/2025;09:36:29.000;67.32;92.76;
20/11/2025;09:36:34.000;67.30;92.96;
20/11/2025;09:36:39.000;67.29;93.15;
20/11/2025;09:36:44.000;67.27;93.35;
20/11/2025;09:36:49.000;67.25;93.55;
20/11/2025;09:36:54.000;67.23;93.74;
20/11/2025;09:36:59.000;67.22;93.94;
20/11/2025;09:37:04.000;67.20;94.14;
20/11/2025;09:37:09.000;67.18;94.33;
20/11/2025;09:37:14.000;67.16;94.52;
20/11/2025;09:37:19.000;67.14;94.72;
20/11/2025;09:37:24.000;67.13;94.91;
20/11/2025;09:37:29.000;67.11;95.10;
20/11/2025;09:37:34.000;67.09;95.29;
20/11/2025;09:37:39.000;67.07;95.48;
20/11/2025;09:37:44.000;67.06;95.67;
20/11/2025;09:37:49.000;67.04;95.86;
20/11/2025;09:37:54.000;67.02;96.05;
20/11/2025;09:37:59.000;67.00;96.23;
20/11/2025;09:38:04.000;66.98;96.42;
20/11/2025;09:38:09.000;66.97;96.61;
20/11/2025;09:38:14.000;66.95;96.79;
20/11/2025;09:38:19.000;66.93;96.98;
20/11/2025;09:38:24.000;66.90;97.16;
20/11/2025;09:38:29.000;66.88;97.34;
20/11/2025;09:38:34.000;66.86;97.52;
20/11/2025;09:38:39.000;66.84;97.71;
20/11/2025;09:38:44.000;66.81;97.89;
20/11/2025;09:38:49.000;66.79;98.07;
20/11/2025;09:38:54.000;66.77;98.25;
20/11/2025;09:38:59.000;66.75;98.42;
20/11/2025;09:39:04.000;66.74;98.60;
20/11/2025;09:39:09.000;66.72;98.78;
20/11/2025;09:39:14.000;66.68;98.95;
20/11/2025;09:39:19.000;66.67;99.13;
20/11/2025;09:39:24.000;66.65;99.30;
20/11/2025;09:39:29.000;66.63;99.48;
20/11/2025;09:39:34.000;66.63;99.65;
20/11/2025;09:39:39.000;66.59;99.82;
20/11/2025;09:39:44.000;66.58;100.00;
20/11/2025;09:39:49.000;66.56;100.17;
20/11/2025;09:39:54.000;66.61;100.34;
20/11/2025;09:39:59.000;66.75;100.51;
20/11/2025;09:40:04.000;66.77;100.69;
20/11/2025;09:40:09.000;66.65;100.87;
20/11/2025;09:40:14.000;66.67;101.04;
20/11/2025;09:40:19.000;66.54;101.22;
20/11/2025;09:40:24.000;66.29;101.38;
20/11/2025;09:40:29.000;66.26;101.54;
20/11/2025;09:40:34.000;67.06;101.72;
20/11/2025;09:40:39.000;68.14;101.93;
20/11/2025;09:40:44.000;68.37;102.17;
20/11/2025;09:40:49.000;68.16;102.41;
20/11/2025;09:40:54.000;68.01;102.64;
20/11/2025;09:40:59.000;67.91;102.87;
20/11/2025;09:41:04.000;67.61;103.09;
20/11/2025;09:41:09.000;67.53;103.30;
20/11/2025;09:41:14.000;67.48;103.51;
20/11/2025;09:41:19.000;67.02;103.70;
20/11/2025;09:41:24.000;49.78;103.75;
20/11/2025;09:41:29.000;32.63;;
20/11/2025;09:41:34.000;32.03;;
20/11/2025;09:41:39.000;30.72;;
20/11/2025;09:41:44.000;30.33;;
20/11/2025;09:41:49.000;30.45;;
20/11/2025;09:41:54.000;30.79;;
20/11/2025;09:41:59.000;30.94;;
20/11/2025;09:42:04.000;31.44;;
20/11/2025;09:42:09.000;31.84;;
20/11/2025;09:42:14.000;31.27;;
20/11/2025;09:42:19.000;31.27;;
20/11/2025;09:42:24.000;32.52;;
20/11/2025;09:42:29.000;33.11;;
20/11/2025;09:42:34.000;31.12;;
20/11/2025;09:42:39.000;29.98;;
20/11/2025;09:42:44.000;50.48;;
20/11/2025;09:42:49.000;53.65;;
20/11/2025;09:42:54.000;54.73;;
20/11/2025;09:42:59.000;54.66;;
20/11/2025;09:43:04.000;54.42;;
20/11/2025;09:43:09.000;54.29;;
20/11/2025;09:43:14.000;54.21;;
20/11/2025;09:43:19.000;54.00;;
20/11/2025;09:43:24.000;53.56;;
20/11/2025;09:43:29.000;53.80;;
20/11/2025;09:43:34.000;53.44;;
20/11/2025;09:43:39.000;53.17;;
20/11/2025;09:43:44.000;53.24;;
20/11/2025;09:43:49.000;53.21;;
20/11/2025;09:43:54.000;52.96;;
20/11/2025;09:43:59.000;53.28;;
20/11/2025;09:44:04.000;53.10;;
20/11/2025;09:44:09.000;53.00;;
20/11/2025;09:44:14.000;52.93;;
20/11/2025;09:44:19.000;53.00;;
20/11/2025;09:44:24.000;53.00;;
20/11/2025;09:44:29.000;52.77;;
20/11/2025;09:44:34.000;52.63;;
20/11/2025;09:44:39.000;52.61;;
20/11/2025;09:44:44.000;52.70;;
20/11/2025;09:44:49.000;52.82;;
20/11/2025;09:44:54.000;52.98;;
20/11/2025;09:44:59.000;53.35;;
20/11/2025;09:45:04.000;54.15;;
20/11/2025;09:45:09.000;54.84;;
20/11/2025;09:45:14.000;55.49;;
20/11/2025;09:45:19.000;55.89;;
20/11/2025;09:45:24.000;56.36;;
20/11/2025;09:45:29.000;56.84;;
20/11/2025;09:45:34.000;57.24;;
20/11/2025;09:45:39.000;57.59;;
20/11/2025;09:45:44.000;57.91;;
20/11/2025;09:45:49.000;58.24;;
20/11/2025;09:45:54.000;58.63;;
20/11/2025;09:45:59.000;58.98;;
20/11/2025;09:46:04.000;59.35;;
20/11/2025;09:46:09.000;59.81;;
20/11/2025;09:46:14.000;60.13;;
20/11/2025;09:46:19.000;60.52;;
20/11/2025;09:46:24.000;60.94;;
20/11/2025;09:46:29.000;61.29;;
20/11/2025;09:46:34.000;61.68;;
20/11/2025;09:46:39.000;62.07;;
20/11/2025;09:46:44.000;62.44;;
20/11/2025;09:46:49.000;62.77;;
20/11/2025;09:46:54.000;63.09;103.84;
20/11/2025;09:46:59.000;63.30;103.92;
20/11/2025;09:47:04.000;63.66;104.02;
20/11/2025;09:47:09.000;64.05;104.11;
20/11/2025;09:47:14.000;64.47;104.22;
20/11/2025;09:47:19.000;64.79;104.34;
20/11/2025;09:47:24.000;65.11;104.46;
20/11/2025;09:47:29.000;65.44;104.59;
20/11/2025;09:47:34.000;65.80;104.73;
20/11/2025;09:47:39.000;66.15;104.89;
20/11/2025;09:47:44.000;66.44;105.05;
20/11/2025;09:47:49.000;66.74;105.22;
20/11/2025;09:47:54.000;67.02;105.40;
20/11/2025;09:47:59.000;67.25;105.60;
20/11/2025;09:48:04.000;67.48;105.80;
20/11/2025;09:48:09.000;67.76;106.01;
20/11/2025;09:48:14.000;68.01;106.23;
20/11/2025;09:48:19.000;68.30;106.47;
20/11/2025;09:48:24.000;68.53;106.72;
20/11/2025;09:48:29.000;68.78;106.98;
20/11/2025;09:48:34.000;68.99;107.25;
20/11/2025;09:48:39.000;69.22;107.54;
20/11/2025;09:48:44.000;69.40;107.84;
20/11/2025;09:48:49.000;69.58;108.14;
20/11/2025;09:48:54.000;69.72;108.46;
20/11/2025;09:48:59.000;69.82;108.79;
20/11/2025;09:49:04.000;69.95;109.13;
20/11/2025;09:49:09.000;70.07;109.47;
20/11/2025;09:49:14.000;70.20;109.82;
20/11/2025;09:49:19.000;70.32;110.18;
20/11/2025;09:49:24.000;70.41;110.55;
20/11/2025;09:49:29.000;70.52;110.93;
20/11/2025;09:49:34.000;70.66;111.31;
20/11/2025;09:49:39.000;70.75;111.71;
20/11/2025;09:49:44.000;70.84;112.11;
20/11/2025;09:49:49.000;70.93;112.52;
20/11/2025;09:49:54.000;71.02;112.94;
20/11/2025;09:49:59.000;71.09;113.36;
20/11/2025;09:50:04.000;71.18;113.79;
20/11/2025;09:50:09.000;71.23;114.23;
20/11/2025;09:50:14.000;71.26;114.67;
20/11/2025;09:50:19.000;71.30;115.11;
20/11/2025;09:50:24.000;71.34;115.56;
20/11/2025;09:50:29.000;71.34;116.01;
20/11/2025;09:50:34.000;71.35;116.46;
20/11/2025;09:50:39.000;71.35;116.91;
20/11/2025;09:50:44.000;71.34;117.36;
20/11/2025;09:50:49.000;71.34;117.81;
20/11/2025;09:50:54.000;71.30;118.25;
20/11/2025;09:50:59.000;71.28;118.70;
20/11/2025;09:51:04.000;71.25;119.14;
20/11/2025;09:51:09.000;71.21;119.58;
20/11/2025;09:51:14.000;71.16;120.02;
20/11/2025;09:51:19.000;71.10;120.45;
20/11/2025;09:51:24.000;71.05;120.87;
20/11/2025;09:51:29.000;71.02;121.30;
20/11/2025;09:51:34.000;70.96;121.71;
20/11/2025;09:51:39.000;70.93;122.13;
20/11/2025;09:51:44.000;70.89;122.54;
20/11/2025;09:51:49.000;70.84;122.95;
20/11/2025;09:51:54.000;70.80;123.35;
20/11/2025;09:51:59.000;70.77;123.75;
20/11/2025;09:52:04.000;70.73;124.15;
20/11/2025;09:52:09.000;70.68;124.55;
20/11/2025;09:52:14.000;70.64;124.94;
20/11/2025;09:52:19.000;70.61;125.33;
20/11/2025;09:52:24.000;70.57;125.71;
20/11/2025;09:52:29.000;70.54;126.10;
20/11/2025;09:52:34.000;70.50;126.48;
20/11/2025;09:52:39.000;70.46;126.85;
20/11/2025;09:52:44.000;70.43;127.23;
20/11/2025;09:52:49.000;70.39;127.60;
20/11/2025;09:52:54.000;70.36;127.97;
20/11/2025;09:52:59.000;70.34;128.34;
20/11/2025;09:53:04.000;70.30;128.70;
20/11/2025;09:53:09.000;70.27;129.07;
20/11/2025;09:53:14.000;70.23;129.43;
20/11/2025;09:53:19.000;70.22;129.79;
20/11/2025;09:53:24.000;70.18;130.14;
20/11/2025;09:53:29.000;70.14;130.50;
20/11/2025;09:53:34.000;70.11;130.85;
20/11/2025;09:53:39.000;70.09;131.20;
20/11/2025;09:53:44.000;70.06;131.55;
20/11/2025;09:53:49.000;70.04;131.89;
20/11/2025;09:53:54.000;70.00;132.24;
20/11/2025;09:53:59.000;69.98;132.58;
20/11/2025;09:54:04.000;69.95;132.92;
20/11/2025;09:54:09.000;69.91;133.26;
20/11/2025;09:54:14.000;69.90;133.59;
20/11/2025;09:54:19.000;69.86;133.93;
20/11/2025;09:54:24.000;69.84;134.26;
20/11/2025;09:54:29.000;69.81;134.59;
20/11/2025;09:54:34.000;69.79;134.92;
20/11/2025;09:54:39.000;69.77;135.25;
20/11/2025;09:54:44.000;69.74;135.57;
20/11/2025;09:54:49.000;69.72;135.90;
20/11/2025;09:54:54.000;69.68;136.22;
20/11/2025;09:54:59.000;69.66;136.54;
20/11/2025;09:55:04.000;69.65;136.86;
20/11/2025;09:55:09.000;69.63;137.18;
20/11/2025;09:55:14.000;69.59;137.49;
20/11/2025;09:55:19.000;69.58;137.81;
20/11/2025;09:55:24.000;69.56;138.12;
20/11/2025;09:55:29.000;69.54;138.44;
20/11/2025;09:55:34.000;69.52;138.75;
20/11/2025;09:55:39.000;69.50;139.06;
20/11/2025;09:55:44.000;69.47;139.37;
20/11/2025;09:55:49.000;69.45;139.68;
20/11/2025;09:55:54.000;69.43;139.98;
20/11/2025;09:55:59.000;69.43;140.29;
20/11/2025;09:56:04.000;69.42;140.59;
20/11/2025;09:56:09.000;69.38;140.90;
20/11/2025;09:56:14.000;69.36;141.20;
20/11/2025;09:56:19.000;69.34;141.50;
20/11/2025;09:56:24.000;69.33;141.80;
20/11/2025;09:56:29.000;69.31;142.10;
20/11/2025;09:56:34.000;69.29;142.39;
20/11/2025;09:56:39.000;69.27;142.69;
20/11/2025;09:56:44.000;69.26;142.99;
20/11/2025;09:56:49.000;69.24;143.28;
20/11/2025;09:56:54.000;69.24;143.57;
20/11/2025;09:56:59.000;69.22;143.87;
20/11/2025;09:57:04.000;69.20;144.16;
20/11/2025;09:57:09.000;69.18;144.45;
20/11/2025;09:57:14.000;69.17;144.74;
20/11/2025;09:57:19.000;69.15;145.03;
20/11/2025;09:57:24.000;69.13;145.32;
20/11/2025;09:57:29.000;69.13;145.60;
20/11/2025;09:57:34.000;69.11;145.89;
20/11/2025;09:57:39.000;69.10;146.18;
20/11/2025;09:57:44.000;69.08;146.46;
20/11/2025;09:57:49.000;69.06;146.75;
20/11/2025;09:57:54.000;69.04;147.03;
20/11/2025;09:57:59.000;69.02;147.31;
20/11/2025;09:58:04.000;69.01;147.59;
20/11/2025;09:58:09.000;68.99;147.87;
20/11/2025;09:58:14.000;68.99;148.15;
20/11/2025;09:58:19.000;68.97;148.43;
20/11/2025;09:58:24.000;68.95;148.71;
20/11/2025;09:58:29.000;68.94;148.98;
20/11/2025;09:58:34.000;68.92;149.26;
20/11/2025;09:58:39.000;68.90;149.54;
20/11/2025;09:58:44.000;68.88;149.81;
20/11/2025;09:58:49.000;68.88;150.08;
20/11/2025;09:58:54.000;68.87;150.36;
20/11/2025;09:58:59.000;68.85;150.63;
20/11/2025;09:59:04.000;68.83;150.90;
20/11/2025;09:59:09.000;68.81;151.17;
20/11/2025;09:59:14.000;68.81;151.44;
20/11/2025;09:59:19.000;68.79;151.71;
20/11/2025;09:59:24.000;68.78;151.98;
20/11/2025;09:59:29.000;68.76;152.24;
20/11/2025;09:59:34.000;68.74;152.51;
20/11/2025;09:59:39.000;68.72;152.77;
20/11/2025;09:59:44.000;68.71;153.04;
20/11/2025;09:59:49.000;68.71;153.30;
20/11/2025;09:59:54.000;68.69;153.57;
20/11/2025;09:59:59.000;68.67;153.83;
20/11/2025;10:00:04.000;68.65;154.09;
20/11/2025;10:00:09.000;68.63;154.35;
20/11/2025;10:00:14.000;68.62;154.61;
20/11/2025;10:00:19.000;68.60;154.87;
20/11/2025;10:00:24.000;68.60;155.13;
20/11/2025;10:00:29.000;68.58;155.38;
20/11/2025;10:00:34.000;68.56;155.64;
20/11/2025;10:00:39.000;68.55;155.90;
20/11/2025;10:00:44.000;68.53;156.15;
20/11/2025;10:00:49.000;68.51;156.41;
20/11/2025;10:00:54.000;68.49;156.66;
20/11/2025;10:00:59.000;68.47;156.91;
20/11/2025;10:01:04.000;68.46;157.16;
20/11/2025;10:01:09.000;68.44;157.41;
20/11/2025;10:01:14.000;68.42;157.66;
20/11/2025;10:01:19.000;68.40;157.91;
20/11/2025;10:01:24.000;68.37;158.16;
20/11/2025;10:01:29.000;68.35;158.40;
20/11/2025;10:01:34.000;68.33;158.65;
20/11/2025;10:01:39.000;68.31;158.89;
20/11/2025;10:01:44.000;68.30;159.14;
20/11/2025;10:01:49.000;68.26;159.38;
20/11/2025;10:01:54.000;68.24;159.62;
20/11/2025;10:01:59.000;68.23;159.86;
20/11/2025;10:02:04.000;68.21;160.10;
20/11/2025;10:02:09.000;68.19;160.34;
20/11/2025;10:02:14.000;68.17;160.58;
20/11/2025;10:02:19.000;68.16;160.81;
20/11/2025;10:02:24.000;68.14;161.05;
20/11/2025;10:02:29.000;68.12;161.28;
20/11/2025;10:02:34.000;68.10;161.52;
20/11/2025;10:02:39.000;68.07;161.75;
20/11/2025;10:02:44.000;68.05;161.98;
20/11/2025;10:02:49.000;68.03;162.21;
20/11/2025;10:02:54.000;68.01;162.44;
20/11/2025;10:02:59.000;68.00;162.67;
20/11/2025;10:03:04.000;67.98;162.90;
20/11/2025;10:03:09.000;67.96;163.13;
20/11/2025;10:03:14.000;67.94;163.35;
20/11/2025;10:03:19.000;67.92;163.58;
20/11/2025;10:03:24.000;67.89;163.80;
20/11/2025;10:03:29.000;67.87;164.03;
20/11/2025;10:03:34.000;67.85;164.25;
20/11/2025;10:03:39.000;67.84;164.47;
20/11/2025;10:03:44.000;67.82;164.69;
20/11/2025;10:03:49.000;67.80;164.91;
20/11/2025;10:03:54.000;67.78;165.13;
20/11/2025;10:03:59.000;67.76;165.35;
20/11/2025;10:04:04.000;67.73;165.57;
20/11/2025;10:04:09.000;67.71;165.78;
20/11/2025;10:04:14.000;67.69;166.00;
20/11/2025;10:04:19.000;67.68;166.21;
20/11/2025;10:04:24.000;67.66;166.43;
20/11/2025;10:04:29.000;67.64;166.64;
20/11/2025;10:04:34.000;67.62;166.85;
20/11/2025;10:04:39.000;67.59;167.06;
20/11/2025;10:04:44.000;67.57;167.27;
20/11/2025;10:04:49.000;67.55;167.48;
20/11/2025;10:04:54.000;67.53;167.69;
20/11/2025;10:04:59.000;67.50;167.90;
20/11/2025;10:05:04.000;67.48;168.10;
20/11/2025;10:05:09.000;67.46;168.31;
20/11/2025;10:05:14.000;67.45;168.51;
20/11/2025;10:05:19.000;67.41;168.72;
20/11/2025;10:05:24.000;67.39;168.92;
20/11/2025;10:05:29.000;67.37;169.12;
20/11/2025;10:05:34.000;67.36;169.32;
20/11/2025;10:05:39.000;67.34;169.52;
20/11/2025;10:05:44.000;67.32;169.72;
20/11/2025;10:05:49.000;67.29;169.92;
20/11/2025;10:05:54.000;67.27;170.12;
20/11/2025;10:05:59.000;67.25;170.32;
20/11/2025;10:06:04.000;67.22;170.51;
20/11/2025;10:06:09.000;67.20;170.71;
20/11/2025;10:06:14.000;67.16;170.90;
20/11/2025;10:06:19.000;67.13;171.10;
20/11/2025;10:06:24.000;67.09;171.29;
20/11/2025;10:06:29.000;67.07;171.48;
20/11/2025;10:06:34.000;67.04;171.67;
20/11/2025;10:06:39.000;67.00;171.85;
20/11/2025;10:06:44.000;66.52;172.03;
20/11/2025;10:06:49.000;66.47;172.20;
20/11/2025;10:06:54.000;67.09;172.38;
20/11/2025;10:06:59.000;67.37;172.58;
20/11/2025;10:07:04.000;67.34;172.78;
20/11/2025;10:07:09.000;67.41;172.98;
20/11/2025;10:07:14.000;67.85;173.19;
20/11/2025;10:07:19.000;67.64;173.41;
20/11/2025;10:07:24.000;67.53;173.62;
20/11/2025;10:07:29.000;67.37;173.82;
20/11/2025;10:07:34.000;67.37;174.02;
20/11/2025;10:07:39.000;56.59;174.11;
20/11/2025;10:07:44.000;49.26;;
20/11/2025;10:07:49.000;45.95;;
20/11/2025;10:07:54.000;28.44;;
20/11/2025;10:07:59.000;27.38;;
20/11/2025;10:08:04.000;27.26;;
20/11/2025;10:08:09.000;26.83;;
20/11/2025;10:08:14.000;26.69;;
20/11/2025;10:08:19.000;26.66;;
20/11/2025;10:08:24.000;29.43;;
20/11/2025;10:08:29.000;30.09;;
20/11/2025;10:08:34.000;30.19;;
20/11/2025;10:08:39.000;30.07;;
20/11/2025;10:08:44.000;29.90;;
20/11/2025;10:08:49.000;29.61;;
20/11/2025;10:08:54.000;29.67;;
20/11/2025;10:08:59.000;29.54;;
20/11/2025;10:09:04.000;29.47;;
20/11/2025;10:09:09.000;29.28;;
20/11/2025;10:09:14.000;29.11;;
20/11/2025;10:09:19.000;28.94;;
